date_time,maxtempC,mintempC,totalSnow_cm,sunHour,uvIndex,moon_illumination,moonrise,moonset,sunrise,sunset,DewPointC,FeelsLikeC,HeatIndexC,WindChillC,WindGustKmph,cloudcover,humidity,precipMM,pressure,tempC,visibility,winddirDegree,windspeedKmph,location
2016-02-24,28,9,0.0,11.6,5,83,07:41 PM,07:19 AM,06:07 AM,06:04 PM,12,17,18,17,5,37,75,13.0,1012,28,9,195,3,Florida
2016-02-25,23,8,0.0,11.6,4,75,08:25 PM,08:00 AM,06:07 AM,06:04 PM,10,14,14,14,5,44,81,22.0,1013,23,8,234,3,Florida
2016-02-26,19,9,0.0,11.6,3,68,09:10 PM,08:40 AM,06:06 AM,06:04 PM,10,12,12,12,5,37,88,17.2,1013,19,9,234,4,Florida
2016-02-27,27,8,0.0,11.6,5,60,09:55 PM,09:22 AM,06:06 AM,06:04 PM,13,16,17,16,5,41,80,5.1,1011,27,9,216,4,Florida
2016-02-28,28,9,0.0,11.6,5,53,10:41 PM,10:04 AM,06:06 AM,06:04 PM,14,18,19,18,5,39,79,5.2,1012,28,9,240,4,Florida
2016-02-29,29,11,0.0,11.6,5,45,11:28 PM,10:48 AM,06:05 AM,06:04 PM,17,23,23,22,7,25,76,8.0,1013,29,9,214,4,Florida
2016-03-01,29,8,0.0,11.6,5,43,No moonrise,11:34 AM,06:05 AM,06:04 PM,14,18,19,18,5,31,78,8.4,1013,29,9,191,4,Florida
2016-03-02,28,19,0.0,11.6,6,36,12:17 AM,12:22 PM,06:04 AM,06:04 PM,19,24,24,23,6,30,77,5.1,1013,28,9,191,4,Florida
2016-03-03,27,8,0.0,11.6,5,29,01:08 AM,01:13 PM,06:04 AM,06:04 PM,17,22,22,21,4,32,81,5.5,1012,27,9,216,3,Florida
2016-03-04,28,10,0.0,11.6,4,22,02:00 AM,02:06 PM,06:04 AM,06:04 PM,12,16,17,16,5,27,78,3.4,1013,28,9,253,4,Florida
2016-03-05,24,8,0.0,11.6,4,14,02:52 AM,03:01 PM,06:03 AM,06:04 PM,10,14,15,14,4,27,77,6.6,1012,24,9,222,3,Florida
2016-03-06,27,8,0.0,11.6,4,7,03:46 AM,03:58 PM,06:03 AM,06:04 PM,13,16,17,16,4,34,83,16.7,1014,27,8,271,3,Florida
2016-03-07,27,7,0.0,11.6,4,0,04:39 AM,04:55 PM,06:02 AM,06:04 PM,13,16,17,16,5,33,83,12.2,1015,27,9,220,3,Florida
2016-03-08,28,7,0.0,11.6,5,0,05:33 AM,05:53 PM,06:02 AM,06:04 PM,12,16,17,16,5,24,78,8.2,1014,28,8,178,4,Florida
2016-03-09,29,7,0.0,11.6,5,0,06:25 AM,06:51 PM,06:02 AM,06:04 PM,12,17,18,17,6,21,75,10.6,1013,29,9,189,4,Florida
2016-03-10,22,8,0.0,11.6,4,7,07:18 AM,07:49 PM,06:01 AM,06:04 PM,9,14,15,14,6,22,73,6.7,1014,22,9,183,4,Florida
2016-03-11,29,8,0.0,11.6,5,14,08:11 AM,08:47 PM,06:01 AM,06:04 PM,11,17,17,17,6,22,73,7.6,1014,29,9,183,4,Florida
2016-03-12,29,8,0.0,12.0,5,22,09:05 AM,09:45 PM,06:00 AM,06:04 PM,12,17,18,17,6,22,71,2.4,1013,29,10,217,4,Florida
2016-03-13,28,9,0.0,12.0,5,29,10:00 AM,10:43 PM,06:00 AM,06:04 PM,13,19,19,19,5,24,72,1.7,1013,28,10,252,4,Florida
2016-03-14,28,8,0.0,12.5,6,36,10:55 AM,11:40 PM,05:59 AM,06:04 PM,14,21,21,20,5,25,71,0.3,1014,28,10,225,4,Florida
2016-03-15,29,11,0.0,12.5,5,44,11:50 AM,No moonset,05:59 AM,06:04 PM,13,18,18,18,6,30,74,6.5,1013,29,9,197,4,Florida
2016-03-16,29,8,0.0,12.5,5,51,12:44 PM,12:35 AM,05:58 AM,06:03 PM,13,18,19,18,5,27,75,15.9,1012,29,9,189,4,Florida
2016-03-17,25,10,0.0,12.5,5,58,01:37 PM,01:28 AM,05:58 AM,06:03 PM,18,21,21,20,4,43,87,17.0,1013,25,9,189,3,Florida
2016-03-18,29,8,0.0,12.5,5,65,02:28 PM,02:18 AM,05:57 AM,06:03 PM,12,17,17,17,7,27,76,5.9,1012,29,9,154,4,Florida
2016-03-19,30,8,0.0,12.5,5,73,03:18 PM,03:06 AM,05:57 AM,06:03 PM,13,18,18,17,6,25,76,9.8,1012,30,9,160,4,Florida
2016-03-20,29,9,0.0,12.5,5,80,04:05 PM,03:52 AM,05:56 AM,06:03 PM,13,18,19,18,8,20,74,16.7,1012,29,8,156,5,Florida
2016-03-21,29,20,0.0,12.5,6,87,04:52 PM,04:35 AM,05:56 AM,06:03 PM,18,25,25,24,8,20,73,7.9,1013,29,9,164,5,Florida
2016-03-22,29,15,0.0,12.5,6,94,05:37 PM,05:17 AM,05:55 AM,06:03 PM,17,24,24,23,10,16,69,6.0,1014,29,9,159,6,Florida
2016-03-23,31,9,0.0,12.5,6,100,06:21 PM,05:58 AM,05:55 AM,06:03 PM,10,19,19,18,11,7,57,1.6,1013,31,10,153,7,Florida
2016-03-24,31,11,0.0,12.5,6,100,07:06 PM,06:38 AM,05:54 AM,06:03 PM,11,21,21,20,10,10,58,0.2,1011,31,10,195,6,Florida
2016-03-25,31,9,0.0,12.5,6,84,07:51 PM,07:20 AM,05:54 AM,06:03 PM,12,19,19,19,5,18,70,0.1,1011,31,10,178,4,Florida
2016-03-26,30,9,0.0,12.5,5,76,08:36 PM,08:01 AM,05:53 AM,06:02 PM,12,19,19,19,6,18,69,1.3,1012,30,10,216,4,Florida
2016-03-27,30,9,0.0,12.5,5,69,09:24 PM,08:44 AM,05:53 AM,06:02 PM,13,19,19,18,6,28,71,7.2,1013,30,9,179,4,Florida
2016-03-28,29,11,0.0,12.5,6,62,10:11 PM,09:29 AM,05:52 AM,06:02 PM,14,21,21,21,7,21,70,8.5,1013,29,9,180,5,Florida
2016-03-29,30,8,0.0,12.5,5,55,11:00 PM,10:16 AM,05:52 AM,06:02 PM,12,18,18,18,6,17,71,1.9,1013,30,9,221,4,Florida
2016-03-30,29,8,0.0,12.5,5,47,11:51 PM,11:05 AM,05:52 AM,06:02 PM,13,18,19,18,6,22,74,6.0,1013,29,10,181,4,Florida
2016-03-31,28,12,0.0,12.5,5,43,No moonrise,11:56 AM,05:51 AM,06:02 PM,14,20,20,20,6,18,71,3.0,1014,28,10,215,4,Florida
2016-04-01,30,8,0.0,12.5,5,26,12:41 AM,12:48 PM,05:51 AM,06:02 PM,14,19,19,19,5,24,75,19.3,1014,30,8,194,4,Florida
2016-04-02,25,10,0.0,11.8,5,19,01:33 AM,01:43 PM,05:50 AM,06:02 PM,14,16,17,16,4,50,88,46.2,1014,25,6,248,3,Florida
2016-04-03,26,9,0.0,12.5,5,11,02:24 AM,02:38 PM,05:50 AM,06:02 PM,15,18,18,18,5,57,87,27.1,1014,26,8,218,4,Florida
2016-04-04,27,11,0.0,12.5,5,4,03:17 AM,03:34 PM,05:49 AM,06:02 PM,17,21,21,20,7,33,83,15.1,1014,27,9,192,5,Florida
2016-04-05,28,9,0.0,12.5,5,0,04:09 AM,04:31 PM,05:49 AM,06:01 PM,13,17,17,17,5,39,78,10.1,1014,28,8,197,3,Florida
2016-04-06,28,10,0.0,12.5,5,0,05:02 AM,05:30 PM,05:48 AM,06:01 PM,14,19,19,18,5,24,78,0.6,1012,28,10,198,4,Florida
2016-04-07,28,8,0.0,12.5,5,0,05:55 AM,06:28 PM,05:48 AM,06:01 PM,14,19,19,18,4,22,77,4.5,1011,28,10,243,3,Florida
2016-04-08,29,9,0.0,12.5,5,3,06:50 AM,07:29 PM,05:47 AM,06:01 PM,13,19,19,18,5,27,78,16.8,1011,29,8,207,3,Florida
2016-04-09,27,13,0.0,12.5,5,11,07:46 AM,08:28 PM,05:47 AM,06:01 PM,18,22,22,21,5,27,83,23.1,1011,27,8,152,3,Florida
2016-04-10,28,10,0.0,12.6,6,19,08:42 AM,09:29 PM,05:46 AM,06:01 PM,18,23,23,22,5,30,79,21.2,1012,28,8,186,3,Florida
2016-04-11,27,9,0.0,12.6,5,26,09:40 AM,10:26 PM,05:46 AM,06:01 PM,14,19,19,18,5,33,81,17.0,1012,27,8,202,3,Florida
2016-04-12,27,9,0.0,12.6,4,34,10:36 AM,11:23 PM,05:45 AM,06:01 PM,14,17,18,17,6,38,82,11.0,1013,27,9,224,4,Florida
2016-04-13,22,15,0.0,11.8,4,41,11:32 AM,No moonset,05:45 AM,06:01 PM,15,18,19,18,6,54,83,3.8,1012,22,8,189,4,Florida
2016-04-14,22,15,0.0,11.8,4,49,12:24 PM,12:15 AM,05:45 AM,06:01 PM,15,18,19,18,6,55,85,3.8,1013,22,8,192,4,Florida
2016-04-15,22,14,0.0,10.5,4,56,01:15 PM,01:04 AM,05:44 AM,06:01 PM,15,18,19,18,6,67,84,5.9,1013,22,8,177,4,Florida
2016-04-16,22,15,0.0,7.9,4,64,02:03 PM,01:51 AM,05:44 AM,06:01 PM,15,18,19,18,6,78,83,7.2,1013,22,8,198,4,Florida
2016-04-17,22,15,0.0,11.8,4,71,02:50 PM,02:34 AM,05:43 AM,06:01 PM,16,19,19,19,6,61,84,5.0,1012,22,9,190,4,Florida
2016-04-18,23,15,0.0,10.5,5,79,03:35 PM,03:17 AM,05:43 AM,06:01 PM,15,19,19,19,6,65,82,4.9,1012,23,8,182,4,Florida
2016-04-19,22,16,0.0,10.5,4,87,04:19 PM,03:57 AM,05:43 AM,06:01 PM,16,19,19,19,6,68,84,7.0,1013,22,8,193,4,Florida
2016-04-20,22,15,0.0,10.5,4,94,05:04 PM,04:38 AM,05:42 AM,06:01 PM,15,18,19,18,6,60,84,7.4,1012,22,8,197,4,Florida
2016-04-21,29,15,0.0,12.6,6,100,05:49 PM,05:19 AM,05:42 AM,06:01 PM,17,22,22,22,6,28,76,15.0,1011,29,8,212,4,Florida
2016-04-22,29,14,0.0,12.6,6,100,06:34 PM,06:00 AM,05:41 AM,06:01 PM,17,23,23,22,4,31,77,18.1,1013,29,9,188,3,Florida
2016-04-23,28,18,0.0,12.6,5,83,07:21 PM,06:42 AM,05:41 AM,06:01 PM,20,24,24,23,6,56,84,69.1,1012,28,6,220,4,Florida
2016-04-24,24,13,0.0,9.2,5,76,08:08 PM,07:27 AM,05:41 AM,06:01 PM,18,20,21,20,4,68,91,50.7,1013,24,7,233,3,Florida
2016-04-25,27,8,0.0,12.6,5,68,08:57 PM,08:13 AM,05:40 AM,06:01 PM,14,18,18,17,5,41,85,20.9,1011,27,8,231,3,Florida
2016-04-26,27,9,0.0,12.6,5,61,09:47 PM,09:01 AM,05:40 AM,06:01 PM,15,19,19,18,4,34,86,34.2,1010,27,7,225,3,Florida
2016-04-27,28,8,0.0,12.6,5,53,10:36 PM,09:51 AM,05:40 AM,06:01 PM,15,19,19,18,5,38,86,26.1,1011,28,8,277,3,Florida
2016-04-28,24,9,0.0,11.9,5,46,11:27 PM,10:42 AM,05:39 AM,06:01 PM,15,17,18,17,5,61,91,44.7,1013,24,7,221,4,Florida
2016-04-29,26,8,0.0,12.6,5,38,No moonrise,11:34 AM,05:39 AM,06:01 PM,15,18,18,18,5,33,84,13.4,1012,26,9,230,4,Florida
2016-04-30,27,8,0.0,12.6,5,30,12:16 AM,12:27 PM,05:39 AM,06:01 PM,14,18,18,18,6,30,80,10.4,1011,27,9,218,4,Florida
2016-05-01,25,8,0.0,10.5,5,29,01:07 AM,01:21 PM,05:38 AM,06:01 PM,13,16,17,16,5,61,85,17.5,1013,25,9,212,3,Florida
2016-05-02,26,8,0.0,12.6,5,22,01:57 AM,02:16 PM,05:38 AM,06:01 PM,13,17,17,17,5,45,81,15.0,1014,26,9,254,4,Florida
2016-05-03,27,7,0.0,12.6,5,15,02:47 AM,03:12 PM,05:38 AM,06:01 PM,13,17,17,17,4,21,78,4.8,1014,27,9,237,3,Florida
2016-05-04,24,9,0.0,10.5,4,8,03:39 AM,04:09 PM,05:38 AM,06:01 PM,14,16,17,16,3,56,90,19.7,1014,24,7,217,2,Florida
2016-05-05,28,10,0.0,12.6,6,0,04:32 AM,05:08 PM,05:37 AM,06:01 PM,16,22,22,21,5,17,77,3.4,1012,28,9,190,4,Florida
2016-05-06,26,7,0.0,12.6,5,0,05:28 AM,06:09 PM,05:37 AM,06:01 PM,14,17,18,17,5,39,85,39.3,1013,26,7,205,4,Florida
2016-05-07,24,8,0.0,10.5,5,0,06:24 AM,07:10 PM,05:37 AM,06:01 PM,14,16,17,16,5,68,89,49.9,1013,24,8,247,4,Florida
2016-05-08,26,15,0.0,12.6,5,7,07:23 AM,08:11 PM,05:37 AM,06:01 PM,19,23,23,21,4,44,89,35.7,1013,26,7,234,3,Florida
2016-05-09,27,14,0.0,12.6,5,14,08:22 AM,09:10 PM,05:37 AM,06:01 PM,18,22,22,21,5,52,85,20.0,1013,27,7,164,3,Florida
2016-05-10,23,8,0.0,11.9,4,21,09:20 AM,10:06 PM,05:36 AM,06:01 PM,13,16,16,16,5,51,87,15.8,1015,23,9,137,4,Florida
2016-05-11,27,7,0.0,12.7,5,29,10:16 AM,10:58 PM,05:36 AM,06:02 PM,14,17,18,17,5,23,82,3.7,1014,27,9,182,4,Florida
2016-05-12,28,11,0.0,12.7,5,36,11:09 AM,11:47 PM,05:36 AM,06:02 PM,16,20,20,20,4,23,80,8.8,1014,28,9,205,3,Florida
2016-05-13,30,8,0.0,12.7,5,43,11:59 AM,No moonset,05:36 AM,06:02 PM,13,19,19,18,4,30,75,9.3,1014,30,8,184,3,Florida
2016-05-14,29,10,0.0,12.7,5,50,12:47 PM,12:32 AM,05:36 AM,06:02 PM,14,20,20,18,7,42,74,17.1,1013,29,9,166,4,Florida
2016-05-15,30,8,0.0,12.7,5,58,01:33 PM,01:16 AM,05:36 AM,06:02 PM,14,20,20,19,7,28,74,17.0,1013,30,9,160,4,Florida
2016-05-16,30,9,0.0,12.7,5,65,02:17 PM,01:57 AM,05:36 AM,06:02 PM,13,20,20,18,10,24,69,10.7,1013,30,9,162,6,Florida
2016-05-17,30,10,0.0,12.7,5,72,03:02 PM,02:37 AM,05:35 AM,06:02 PM,12,20,20,18,9,31,65,3.4,1014,30,9,167,5,Florida
2016-05-18,19,9,0.0,12.7,4,80,03:46 PM,03:18 AM,05:35 AM,06:03 PM,12,15,15,15,5,34,80,3.7,1014,19,7,68,3,Florida
2016-05-19,22,15,0.0,11.9,4,87,04:31 PM,03:59 AM,05:35 AM,06:03 PM,16,19,19,19,6,62,86,8.2,1012,22,8,203,4,Florida
2016-05-20,22,15,0.0,12.7,4,94,05:18 PM,04:41 AM,05:35 AM,06:03 PM,16,18,19,18,6,61,87,8.5,1013,22,7,186,4,Florida
2016-05-21,21,15,0.0,10.6,4,100,06:05 PM,05:25 AM,05:35 AM,06:03 PM,16,19,19,19,6,58,87,8.2,1013,21,8,179,4,Florida
2016-05-22,30,19,0.0,12.7,6,100,06:54 PM,06:10 AM,05:35 AM,06:03 PM,18,25,25,24,6,17,72,4.3,1012,30,10,207,4,Florida
2016-05-23,30,10,0.0,12.7,6,84,07:44 PM,06:58 AM,05:35 AM,06:04 PM,17,24,24,22,5,22,72,7.4,1013,30,9,211,4,Florida
2016-05-24,30,8,0.0,12.7,5,77,08:34 PM,07:48 AM,05:35 AM,06:04 PM,13,19,19,18,5,21,74,9.8,1015,30,9,185,4,Florida
2016-05-25,28,8,0.0,12.7,5,70,09:24 PM,08:39 AM,05:35 AM,06:04 PM,14,19,19,18,5,31,80,20.4,1015,28,9,169,3,Florida
2016-05-26,16,9,0.0,12.7,5,62,10:14 PM,09:31 AM,05:35 AM,06:04 PM,14,15,15,15,6,38,92,0.1,1015,16,10,130,3,Florida
2016-05-27,28,16,0.0,12.7,5,55,11:03 PM,10:22 AM,05:35 AM,06:04 PM,15,21,21,21,5,34,71,0.2,1012,28,10,190,4,Florida
2016-05-28,26,9,0.0,12.7,5,48,11:52 PM,11:15 AM,05:35 AM,06:05 PM,15,19,20,19,4,35,75,3.7,1013,26,10,224,3,Florida
2016-05-29,25,8,0.0,11.9,5,40,No moonrise,12:08 PM,05:35 AM,06:05 PM,16,18,19,18,4,61,86,15.7,1015,25,7,278,3,Florida
2016-05-30,27,9,0.0,12.7,5,33,12:40 AM,01:02 PM,05:35 AM,06:05 PM,16,20,20,20,4,46,81,6.9,1013,27,8,273,3,Florida
2016-05-31,22,9,0.0,11.9,4,29,01:30 AM,01:56 PM,05:35 AM,06:05 PM,15,18,18,18,7,66,84,15.0,1013,22,8,178,4,Florida
2016-06-01,26,10,0.0,12.7,5,12,02:20 AM,02:52 PM,05:35 AM,06:06 PM,17,21,21,20,5,55,84,30.8,1013,26,7,223,3,Florida
2016-06-02,27,8,0.0,12.7,5,4,03:13 AM,03:51 PM,05:35 AM,06:06 PM,17,21,21,20,4,44,84,28.9,1014,27,8,201,3,Florida
2016-06-03,26,7,0.0,12.7,5,0,04:08 AM,04:51 PM,05:36 AM,06:06 PM,13,16,17,16,6,37,84,45.2,1014,26,6,143,4,Florida
2016-06-04,29,6,0.0,12.7,5,0,05:05 AM,05:52 PM,05:36 AM,06:06 PM,12,18,18,17,11,16,73,23.4,1013,29,8,157,6,Florida
2016-06-05,30,6,0.0,12.7,5,0,06:04 AM,06:52 PM,05:36 AM,06:06 PM,10,18,18,17,11,11,65,12.2,1013,30,9,157,6,Florida
2016-06-06,27,6,0.0,12.7,5,3,07:03 AM,07:51 PM,05:36 AM,06:07 PM,13,18,18,17,5,37,82,38.2,1014,27,7,170,3,Florida
2016-06-07,25,9,0.0,12.7,5,11,08:01 AM,08:46 PM,05:36 AM,06:07 PM,14,16,17,16,4,53,84,23.3,1015,25,8,218,3,Florida
2016-06-08,28,7,0.0,12.7,5,18,08:57 AM,09:39 PM,05:36 AM,06:07 PM,14,19,19,18,5,34,80,16.2,1015,28,9,150,3,Florida
2016-06-09,27,7,0.0,12.7,5,26,09:50 AM,10:26 PM,05:36 AM,06:07 PM,15,20,20,19,7,35,81,30.4,1015,27,8,162,4,Florida
2016-06-10,16,8,0.0,12.7,4,33,10:40 AM,11:12 PM,05:36 AM,06:08 PM,13,14,15,14,13,22,89,45.6,1016,16,6,78,6,Florida
2016-06-11,26,9,0.0,12.7,5,41,11:28 AM,11:54 PM,05:37 AM,06:08 PM,14,18,19,18,8,29,77,17.0,1017,26,9,173,5,Florida
2016-06-12,28,6,0.0,12.7,5,48,12:13 PM,No moonset,05:37 AM,06:08 PM,13,19,19,18,6,32,76,27.9,1016,28,8,172,4,Florida
2016-06-13,27,7,0.0,12.7,5,56,12:58 PM,12:35 AM,05:37 AM,06:08 PM,13,18,18,18,4,29,77,17.9,1015,27,8,182,3,Florida
2016-06-14,24,8,0.0,12.7,4,63,01:43 PM,01:16 AM,05:37 AM,06:09 PM,14,16,17,16,6,52,84,26.0,1016,24,8,185,4,Florida
2016-06-15,17,11,0.0,12.7,3,71,02:27 PM,01:57 AM,05:37 AM,06:09 PM,13,14,14,14,5,45,93,2.6,1016,17,9,146,2,Florida
2016-06-16,23,14,0.0,9.3,4,79,03:13 PM,02:38 AM,05:37 AM,06:09 PM,15,18,19,18,8,62,82,7.7,1014,23,8,170,5,Florida
2016-06-17,28,9,0.0,12.7,5,86,04:00 PM,03:21 AM,05:38 AM,06:09 PM,14,20,20,19,8,20,74,14.3,1014,28,9,167,5,Florida
2016-06-18,27,6,0.0,12.7,5,94,04:49 PM,04:06 AM,05:38 AM,06:10 PM,13,16,17,16,7,32,80,14.8,1014,27,8,172,4,Florida
2016-06-19,27,7,0.0,12.7,5,100,05:39 PM,04:54 AM,05:38 AM,06:10 PM,13,16,17,16,6,42,82,24.2,1014,27,9,180,4,Florida
2016-06-20,24,7,0.0,12.7,5,100,06:29 PM,05:43 AM,05:38 AM,06:10 PM,13,16,16,16,3,46,84,15.2,1014,24,9,208,2,Florida
2016-06-21,27,7,0.0,12.7,5,84,07:21 PM,06:34 AM,05:39 AM,06:10 PM,13,17,17,17,5,41,81,13.4,1014,27,8,165,3,Florida
2016-06-22,27,7,0.0,12.7,5,76,08:11 PM,07:27 AM,05:39 AM,06:10 PM,13,18,18,17,8,28,76,24.6,1014,27,8,159,5,Florida
2016-06-23,27,7,0.0,12.7,5,69,09:01 PM,08:19 AM,05:39 AM,06:11 PM,14,19,19,18,9,26,80,31.7,1014,27,7,165,5,Florida
2016-06-24,26,8,0.0,12.7,5,61,09:51 PM,09:12 AM,05:39 AM,06:11 PM,14,17,18,17,9,25,79,9.1,1014,26,9,163,5,Florida
2016-06-25,27,9,0.0,12.7,5,54,10:39 PM,10:05 AM,05:39 AM,06:11 PM,13,18,18,17,6,37,76,5.5,1014,27,8,146,4,Florida
2016-06-26,27,8,0.0,12.7,5,46,11:27 PM,10:58 AM,05:40 AM,06:11 PM,13,18,18,17,6,40,77,15.3,1014,27,9,168,4,Florida
2016-06-27,29,8,0.0,12.7,5,38,No moonrise,11:51 AM,05:40 AM,06:11 PM,12,18,18,18,9,15,70,7.0,1013,29,10,162,6,Florida
2016-06-28,30,7,0.0,12.7,5,31,12:15 AM,12:45 PM,05:40 AM,06:12 PM,11,18,18,17,11,12,65,3.7,1013,30,10,160,6,Florida
2016-06-29,29,8,0.0,12.7,5,23,01:06 AM,01:40 PM,05:40 AM,06:12 PM,12,20,20,19,10,18,67,12.7,1013,29,9,163,6,Florida
2016-06-30,29,7,0.0,12.7,5,16,01:58 AM,02:37 PM,05:41 AM,06:12 PM,12,19,19,18,10,32,69,8.3,1013,29,9,167,6,Florida
2016-07-01,27,9,0.0,12.7,4,15,02:52 AM,03:37 PM,05:41 AM,06:12 PM,12,17,17,17,7,43,77,18.8,1014,27,8,158,4,Florida
2016-07-02,27,8,0.0,12.7,5,8,03:49 AM,04:36 PM,05:41 AM,06:12 PM,14,18,18,18,7,28,79,17.9,1015,27,9,152,5,Florida
2016-07-03,27,8,0.0,12.7,5,1,04:47 AM,05:35 PM,05:41 AM,06:12 PM,13,17,18,17,7,35,79,18.6,1016,27,9,202,4,Florida
2016-07-04,29,8,0.0,12.7,5,0,05:46 AM,06:32 PM,05:42 AM,06:12 PM,11,18,18,17,9,19,69,14.6,1014,29,9,156,5,Florida
2016-07-05,26,7,0.0,12.7,5,0,06:43 AM,07:27 PM,05:42 AM,06:12 PM,13,16,17,16,6,31,83,26.7,1015,26,8,151,4,Florida
2016-07-06,26,8,0.0,12.7,5,6,07:38 AM,08:17 PM,05:42 AM,06:13 PM,14,16,17,16,7,53,86,39.0,1015,26,7,164,4,Florida
2016-07-07,28,7,0.0,12.7,5,14,08:30 AM,09:05 PM,05:42 AM,06:13 PM,13,17,17,17,6,34,78,14.1,1014,28,8,129,3,Florida
2016-07-08,29,8,0.0,12.7,5,21,09:20 AM,09:49 PM,05:42 AM,06:13 PM,12,19,19,18,11,14,71,16.6,1014,29,9,160,6,Florida
2016-07-09,29,7,0.0,12.7,6,28,10:07 AM,10:31 PM,05:43 AM,06:13 PM,11,19,19,18,12,10,64,1.9,1014,29,10,156,7,Florida
2016-07-10,28,8,0.0,12.7,6,35,10:53 AM,11:13 PM,05:43 AM,06:13 PM,12,20,20,19,9,20,64,0.6,1014,28,10,166,5,Florida
2016-07-11,28,9,0.0,12.7,5,43,11:38 AM,11:53 PM,05:43 AM,06:13 PM,12,19,19,18,10,21,69,3.8,1014,28,10,158,6,Florida
2016-07-12,28,8,0.0,12.7,5,50,12:22 PM,No moonset,05:43 AM,06:13 PM,11,18,18,17,9,23,68,1.6,1014,28,10,162,5,Florida
2016-07-13,28,8,0.0,12.7,5,57,01:08 PM,12:34 AM,05:44 AM,06:13 PM,12,19,19,19,9,28,65,2.3,1014,28,9,165,5,Florida
2016-07-14,27,6,0.0,12.7,5,65,01:54 PM,01:17 AM,05:44 AM,06:13 PM,13,18,18,18,6,27,78,21.9,1014,27,8,167,4,Florida
2016-07-15,25,8,0.0,12.7,5,72,02:42 PM,02:01 AM,05:44 AM,06:13 PM,15,18,19,18,4,42,87,39.1,1014,25,7,177,3,Florida
2016-07-16,24,6,0.0,12.7,5,79,03:32 PM,02:47 AM,05:44 AM,06:13 PM,14,16,17,16,4,54,89,24.5,1014,24,8,174,2,Florida
2016-07-17,27,8,0.0,12.7,5,86,04:22 PM,03:36 AM,05:44 AM,06:13 PM,13,17,18,17,7,34,79,10.6,1014,27,8,171,4,Florida
2016-07-18,23,14,0.0,11.9,5,94,05:13 PM,04:26 AM,05:44 AM,06:13 PM,15,19,19,19,7,62,81,7.0,1014,23,8,179,4,Florida
2016-07-19,23,14,0.0,11.9,5,100,06:05 PM,05:19 AM,05:45 AM,06:13 PM,15,19,19,19,8,57,80,7.3,1014,23,9,175,5,Florida
2016-07-20,23,15,0.0,11.9,5,100,06:56 PM,06:13 AM,05:45 AM,06:13 PM,15,19,19,19,8,57,81,5.7,1013,23,9,164,5,Florida
2016-07-21,23,15,0.0,10.6,5,85,07:47 PM,07:07 AM,05:45 AM,06:13 PM,15,19,19,19,8,62,81,6.5,1013,23,9,160,5,Florida
2016-07-22,23,15,0.0,10.6,4,77,08:36 PM,08:01 AM,05:45 AM,06:13 PM,15,18,19,18,9,61,81,7.3,1014,23,8,153,5,Florida
2016-07-23,23,15,0.0,9.2,4,70,09:26 PM,08:54 AM,05:45 AM,06:13 PM,15,18,19,18,9,71,80,5.3,1014,23,9,146,5,Florida
2016-07-24,23,15,0.0,11.9,5,63,10:14 PM,09:48 AM,05:45 AM,06:12 PM,15,19,19,19,8,60,80,5.9,1014,23,9,158,5,Florida
2016-07-25,24,15,0.0,11.9,5,55,11:04 PM,10:41 AM,05:46 AM,06:12 PM,14,19,20,19,10,52,76,6.0,1013,24,9,161,6,Florida
2016-07-26,23,15,0.0,11.9,5,48,11:54 PM,11:36 AM,05:46 AM,06:12 PM,15,19,20,19,8,59,78,5.5,1013,23,9,156,5,Florida
2016-07-27,23,9,0.0,11.9,5,41,No moonrise,12:31 PM,05:46 AM,06:12 PM,14,18,18,18,7,55,81,6.5,1013,23,9,190,4,Florida
2016-07-28,27,8,0.0,12.7,5,34,12:46 AM,01:28 PM,05:46 AM,06:12 PM,13,18,18,17,6,33,77,15.3,1013,27,9,185,4,Florida
2016-07-29,27,7,0.0,12.7,5,26,01:41 AM,02:26 PM,05:46 AM,06:12 PM,12,17,17,17,6,35,77,15.2,1013,27,9,164,4,Florida
2016-07-30,26,7,0.0,12.7,5,19,02:37 AM,03:24 PM,05:46 AM,06:11 PM,13,17,17,17,5,30,82,20.5,1012,26,8,162,3,Florida
2016-07-31,27,7,0.0,12.7,5,15,03:34 AM,04:20 PM,05:46 AM,06:11 PM,13,17,18,17,6,26,80,33.9,1012,27,8,181,4,Florida
2016-08-01,28,7,0.0,12.7,5,5,04:30 AM,05:15 PM,05:46 AM,06:11 PM,14,19,19,18,7,43,82,47.8,1012,28,7,210,4,Florida
2016-08-02,27,8,0.0,11.9,5,0,05:26 AM,06:07 PM,05:46 AM,06:11 PM,15,18,19,18,4,64,83,41.8,1013,27,7,201,3,Florida
2016-08-03,25,8,0.0,10.5,5,0,06:19 AM,06:56 PM,05:46 AM,06:11 PM,15,17,18,17,4,61,90,40.2,1014,25,7,196,2,Florida
2016-08-04,25,8,0.0,12.6,5,2,07:11 AM,07:42 PM,05:46 AM,06:10 PM,14,16,17,16,5,47,88,63.2,1014,25,6,196,3,Florida
2016-08-05,27,7,0.0,12.6,5,10,07:59 AM,08:25 PM,05:46 AM,06:10 PM,14,17,18,17,6,20,83,44.0,1014,27,7,161,4,Florida
2016-08-06,29,10,0.0,12.6,5,17,08:46 AM,09:08 PM,05:47 AM,06:10 PM,13,19,19,18,8,20,75,19.4,1013,29,9,159,5,Florida
2016-08-07,29,13,0.0,12.6,5,24,09:32 AM,09:49 PM,05:47 AM,06:10 PM,15,22,22,21,10,15,74,26.9,1014,29,8,164,6,Florida
2016-08-08,29,7,0.0,12.6,5,32,10:16 AM,10:30 PM,05:47 AM,06:09 PM,12,18,18,17,12,13,72,12.6,1013,29,9,155,7,Florida
2016-08-09,28,7,0.0,12.6,5,39,11:02 AM,11:12 PM,05:47 AM,06:09 PM,10,17,17,16,11,22,68,5.0,1014,28,10,165,6,Florida
2016-08-10,27,8,0.0,12.6,5,46,11:48 AM,11:55 PM,05:47 AM,06:09 PM,13,17,18,17,6,45,79,12.5,1014,27,9,153,4,Florida
2016-08-11,27,9,0.0,12.6,5,53,12:34 PM,No moonset,05:47 AM,06:08 PM,13,18,18,17,7,39,79,30.7,1013,27,8,172,4,Florida
2016-08-12,26,7,0.0,12.6,5,61,01:23 PM,12:40 AM,05:47 AM,06:08 PM,14,16,17,16,5,28,85,35.3,1013,26,7,207,3,Florida
2016-08-13,26,8,0.0,12.6,5,68,02:12 PM,01:27 AM,05:47 AM,06:08 PM,14,16,18,16,6,34,85,58.6,1013,26,6,199,4,Florida
2016-08-14,27,7,0.0,12.6,5,75,03:03 PM,02:16 AM,05:47 AM,06:07 PM,13,16,17,16,6,23,83,38.3,1012,27,7,162,4,Florida
2016-08-15,27,7,0.0,12.6,5,82,03:55 PM,03:08 AM,05:47 AM,06:07 PM,13,16,17,16,7,35,82,40.3,1012,27,7,179,4,Florida
2016-08-16,27,8,0.0,12.6,5,90,04:46 PM,04:01 AM,05:47 AM,06:07 PM,13,16,17,16,9,27,82,34.7,1013,27,8,155,5,Florida
2016-08-17,29,8,0.0,12.6,5,97,05:38 PM,04:56 AM,05:46 AM,06:06 PM,12,18,18,17,12,18,72,15.1,1013,29,9,160,7,Florida
2016-08-18,27,8,0.0,12.6,5,100,06:29 PM,05:51 AM,05:46 AM,06:06 PM,13,18,18,17,10,29,77,29.6,1013,27,8,162,6,Florida
2016-08-19,26,9,0.0,12.6,5,88,07:20 PM,06:46 AM,05:46 AM,06:05 PM,13,16,17,16,5,49,82,34.8,1013,26,7,162,3,Florida
2016-08-20,28,7,0.0,12.6,5,81,08:10 PM,07:41 AM,05:46 AM,06:05 PM,12,16,17,16,7,18,77,14.7,1012,28,9,171,5,Florida
2016-08-21,29,6,0.0,12.6,5,74,09:00 PM,08:36 AM,05:46 AM,06:05 PM,10,17,17,16,12,13,69,7.6,1013,29,9,158,7,Florida
2016-08-22,29,10,0.0,12.6,5,67,09:51 PM,09:32 AM,05:46 AM,06:04 PM,15,21,21,21,8,19,70,3.9,1014,29,10,170,5,Florida
2016-08-23,29,9,0.0,12.6,5,59,10:43 PM,10:27 AM,05:46 AM,06:04 PM,14,21,21,20,9,13,70,6.1,1014,29,9,164,6,Florida
2016-08-24,29,7,0.0,12.6,5,52,11:37 PM,11:24 AM,05:46 AM,06:03 PM,10,16,17,16,8,17,70,5.6,1012,29,9,180,5,Florida
2016-08-25,27,6,0.0,12.6,5,45,No moonrise,12:21 PM,05:46 AM,06:03 PM,12,16,16,16,5,34,81,11.0,1013,27,9,177,3,Florida
2016-08-26,26,8,0.0,11.8,4,38,12:32 AM,01:18 PM,05:46 AM,06:02 PM,13,15,15,15,5,65,87,51.2,1013,26,7,245,3,Florida
2016-08-27,25,8,0.0,12.6,5,30,01:28 AM,02:14 PM,05:46 AM,06:02 PM,15,17,18,17,4,44,89,57.1,1013,25,7,252,3,Florida
2016-08-28,25,8,0.0,12.6,5,23,02:23 AM,03:09 PM,05:46 AM,06:01 PM,17,21,21,20,7,37,84,21.4,1014,25,8,172,4,Florida
2016-08-29,29,7,0.0,12.6,5,16,03:18 AM,04:00 PM,05:45 AM,06:01 PM,11,18,18,17,12,12,67,2.7,1013,29,10,153,7,Florida
2016-08-30,27,9,0.0,12.6,5,8,04:11 AM,04:49 PM,05:45 AM,06:00 PM,14,21,21,20,9,25,71,3.7,1014,27,9,168,6,Florida
2016-08-31,20,8,0.0,12.6,4,5,05:03 AM,05:36 PM,05:45 AM,06:00 PM,15,16,16,16,7,35,89,26.8,1014,20,8,99,3,Florida
2016-09-01,25,7,0.0,11.6,5,0,05:52 AM,06:20 PM,05:45 AM,05:59 PM,13,16,17,16,8,26,84,20.7,1015,25,9,161,5,Florida
2016-09-02,25,6,0.0,11.6,5,0,06:39 AM,07:03 PM,05:45 AM,05:59 PM,14,16,17,16,7,31,86,20.7,1015,25,8,189,4,Florida
2016-09-03,26,7,0.0,11.6,5,6,07:26 AM,07:45 PM,05:45 AM,05:58 PM,16,20,20,19,7,26,84,30.0,1014,26,7,170,4,Florida
2016-09-04,27,9,0.0,11.6,5,14,08:11 AM,08:26 PM,05:45 AM,05:58 PM,16,21,21,21,9,26,76,15.3,1013,27,9,167,6,Florida
2016-09-05,26,7,0.0,11.6,5,21,08:56 AM,09:08 PM,05:45 AM,05:57 PM,14,17,17,17,4,44,85,40.0,1013,26,7,224,3,Florida
2016-09-06,26,7,0.0,11.6,5,29,09:42 AM,09:50 PM,05:44 AM,05:57 PM,14,16,17,16,5,34,86,52.9,1014,26,6,204,3,Florida
2016-09-07,25,7,0.0,11.6,4,36,10:27 AM,10:34 PM,05:44 AM,05:56 PM,13,15,16,15,5,30,88,45.5,1015,25,7,159,3,Florida
2016-09-08,27,7,0.0,11.6,5,44,11:15 AM,11:20 PM,05:44 AM,05:56 PM,14,17,18,17,4,42,81,16.5,1014,27,9,168,3,Florida
2016-09-09,28,7,0.0,11.6,5,51,12:03 PM,No moonset,05:44 AM,05:55 PM,12,16,17,16,5,27,79,30.5,1013,28,8,187,3,Florida
2016-09-10,27,7,0.0,11.6,4,59,12:52 PM,12:07 AM,05:44 AM,05:55 PM,13,16,17,16,6,36,84,42.0,1015,27,7,183,4,Florida
2016-09-11,26,8,0.0,11.6,5,66,01:43 PM,12:57 AM,05:44 AM,05:54 PM,16,19,19,18,5,32,86,48.4,1015,26,7,166,3,Florida
2016-09-12,25,6,0.0,10.2,4,74,02:33 PM,01:49 AM,05:43 AM,05:54 PM,13,15,16,15,5,46,89,45.1,1014,25,6,266,3,Florida
2016-09-13,25,6,0.0,11.6,4,82,03:25 PM,02:41 AM,05:43 AM,05:53 PM,12,14,14,14,5,35,89,35.7,1014,25,7,160,3,Florida
2016-09-14,25,7,0.0,10.2,4,89,04:16 PM,03:36 AM,05:43 AM,05:53 PM,12,14,14,14,6,42,89,32.0,1014,25,8,156,4,Florida
2016-09-15,26,8,0.0,11.6,4,97,05:07 PM,04:31 AM,05:43 AM,05:52 PM,13,15,15,15,7,34,87,49.2,1014,26,6,152,4,Florida
2016-09-16,26,6,0.0,11.6,4,100,05:59 PM,05:27 AM,05:43 AM,05:52 PM,12,15,15,15,7,22,82,29.1,1014,26,7,158,4,Florida
2016-09-17,27,7,0.0,11.6,5,88,06:50 PM,06:23 AM,05:43 AM,05:51 PM,13,17,17,17,7,21,80,17.5,1013,27,9,169,5,Florida
2016-09-18,28,8,0.0,11.6,5,81,07:43 PM,07:20 AM,05:42 AM,05:50 PM,13,17,18,17,8,37,79,19.6,1012,28,9,177,5,Florida
2016-09-19,25,8,0.0,11.6,4,73,08:36 PM,08:18 AM,05:42 AM,05:50 PM,12,14,15,14,7,49,85,31.3,1013,25,8,86,4,Florida
2016-09-20,27,7,0.0,11.6,5,66,09:32 PM,09:17 AM,05:42 AM,05:49 PM,11,16,17,16,7,19,72,5.1,1013,27,9,172,5,Florida
2016-09-21,27,8,0.0,11.6,5,58,10:27 PM,10:15 AM,05:42 AM,05:49 PM,12,16,16,16,5,30,79,13.5,1012,27,9,181,3,Florida
2016-09-22,26,7,0.0,11.6,4,50,11:24 PM,11:13 AM,05:42 AM,05:48 PM,13,16,16,16,3,43,85,17.1,1013,26,9,195,3,Florida
2016-09-23,27,9,0.0,11.6,5,43,No moonrise,12:10 PM,05:42 AM,05:48 PM,13,17,18,17,7,24,78,13.5,1014,27,9,155,4,Florida
2016-09-24,26,9,0.0,11.6,4,35,12:19 AM,01:05 PM,05:42 AM,05:47 PM,13,16,16,16,6,32,82,23.2,1014,26,8,164,4,Florida
2016-09-25,27,7,0.0,11.6,5,28,01:15 AM,01:57 PM,05:41 AM,05:47 PM,12,16,17,16,6,23,80,25.8,1013,27,8,168,4,Florida
2016-09-26,27,7,0.0,11.6,4,20,02:07 AM,02:46 PM,05:41 AM,05:46 PM,10,14,14,14,4,35,80,6.4,1013,27,9,183,3,Florida
2016-09-27,28,8,0.0,11.6,5,13,02:59 AM,03:33 PM,05:41 AM,05:46 PM,12,17,17,17,8,16,75,7.5,1013,28,10,159,5,Florida
2016-09-28,28,7,0.0,11.6,5,5,03:48 AM,04:17 PM,05:41 AM,05:45 PM,10,15,16,15,10,13,69,7.7,1013,28,9,157,6,Florida
2016-09-29,29,6,0.0,11.6,5,0,04:35 AM,05:00 PM,05:41 AM,05:45 PM,10,15,16,15,10,15,71,9.3,1013,29,9,170,6,Florida
2016-09-30,27,8,0.0,11.6,5,0,05:21 AM,05:42 PM,05:41 AM,05:44 PM,16,20,20,20,6,21,82,11.5,1011,27,9,210,4,Florida
2016-10-01,27,16,0.0,11.6,5,0,06:06 AM,06:23 PM,05:41 AM,05:44 PM,16,21,21,21,7,23,76,2.3,1011,27,10,192,5,Florida
2016-10-02,27,8,0.0,11.6,5,2,06:52 AM,07:04 PM,05:40 AM,05:43 PM,13,18,19,18,8,43,72,9.4,1011,27,9,174,5,Florida
2016-10-03,27,8,0.0,11.6,4,9,07:37 AM,07:47 PM,05:40 AM,05:43 PM,9,15,15,15,6,24,71,5.4,1012,27,10,202,4,Florida
2016-10-04,28,7,0.0,11.6,5,17,08:22 AM,08:29 PM,05:40 AM,05:42 PM,14,21,21,20,5,16,71,6.2,1012,28,9,187,4,Florida
2016-10-05,25,10,0.0,10.2,5,24,09:09 AM,09:14 PM,05:40 AM,05:42 PM,18,21,21,20,4,45,86,38.9,1013,25,7,209,3,Florida
2016-10-06,27,11,0.0,11.6,5,31,09:57 AM,10:01 PM,05:40 AM,05:41 PM,15,19,19,19,5,26,82,34.0,1011,27,7,165,3,Florida
2016-10-07,25,16,0.0,11.6,5,38,10:45 AM,10:49 PM,05:40 AM,05:41 PM,18,21,21,21,5,36,85,23.7,1011,25,8,200,3,Florida
2016-10-08,26,18,0.0,11.6,5,46,11:34 AM,11:39 PM,05:40 AM,05:40 PM,19,22,22,21,5,47,87,28.4,1011,26,8,188,3,Florida
2016-10-09,26,17,0.0,11.6,5,53,12:23 PM,No moonset,05:40 AM,05:40 PM,19,22,22,21,4,47,89,46.3,1012,26,7,175,3,Florida
2016-10-10,24,8,0.0,11.6,5,60,01:13 PM,12:29 AM,05:40 AM,05:39 PM,16,18,18,18,4,52,91,37.1,1013,24,7,244,3,Florida
2016-10-11,26,7,0.0,10.2,4,67,02:03 PM,01:22 AM,05:40 AM,05:39 PM,12,14,15,14,5,48,88,35.6,1012,26,6,243,3,Florida
2016-10-12,23,8,0.0,10.2,4,75,02:53 PM,02:15 AM,05:39 AM,05:38 PM,12,13,13,13,4,60,93,42.6,1013,23,7,285,3,Florida
2016-10-13,26,8,0.0,11.6,5,82,03:44 PM,03:10 AM,05:39 AM,05:38 PM,18,21,21,20,4,41,86,22.0,1013,26,7,180,3,Florida
2016-10-14,26,14,0.0,11.6,5,89,04:35 PM,04:05 AM,05:39 AM,05:38 PM,18,22,22,21,3,41,88,34.4,1013,26,8,180,2,Florida
2016-10-15,26,18,0.0,11.6,5,97,05:28 PM,05:03 AM,05:39 AM,05:37 PM,19,23,23,22,5,45,84,25.4,1012,26,8,180,3,Florida
2016-10-16,24,13,0.0,11.6,4,100,06:22 PM,06:01 AM,05:39 AM,05:37 PM,16,19,19,19,4,42,85,34.5,1012,24,7,206,3,Florida
2016-10-17,27,11,0.0,11.6,5,89,07:18 PM,07:01 AM,05:39 AM,05:36 PM,15,19,19,19,4,22,82,13.6,1012,27,9,242,3,Florida
2016-10-18,23,9,0.0,11.6,4,82,08:15 PM,08:01 AM,05:39 AM,05:36 PM,15,18,18,18,5,57,87,29.8,1012,23,8,199,3,Florida
2016-10-19,26,8,0.0,10.2,4,74,09:14 PM,09:02 AM,05:39 AM,05:36 PM,11,14,14,14,5,74,84,22.0,1013,26,8,226,3,Florida
2016-10-20,26,8,0.0,11.6,4,67,10:12 PM,10:02 AM,05:39 AM,05:35 PM,11,14,14,14,5,31,86,37.8,1012,26,7,204,3,Florida
2016-10-21,26,6,0.0,11.6,4,60,11:09 PM,11:00 AM,05:39 AM,05:35 PM,11,14,14,14,5,23,85,35.9,1011,26,7,165,3,Florida
2016-10-22,28,6,0.0,11.6,4,53,No moonrise,11:54 AM,05:39 AM,05:35 PM,10,14,14,14,5,17,82,22.0,1012,28,8,162,4,Florida
2016-10-23,27,7,0.0,11.6,4,45,12:04 AM,12:45 PM,05:39 AM,05:34 PM,10,13,14,13,8,19,81,22.5,1013,27,8,161,5,Florida
2016-10-24,26,7,0.0,11.6,5,38,12:56 AM,01:32 PM,05:39 AM,05:34 PM,15,19,19,18,5,26,86,22.9,1012,26,8,197,3,Florida
2016-10-25,25,9,0.0,11.6,5,31,01:46 AM,02:17 PM,05:39 AM,05:34 PM,17,19,20,19,5,51,90,29.3,1011,25,7,221,3,Florida
2016-10-26,24,8,0.0,11.6,4,23,02:33 AM,03:00 PM,05:40 AM,05:34 PM,11,13,14,13,5,44,90,24.4,1011,24,8,251,3,Florida
2016-10-27,26,9,0.0,11.6,4,16,03:19 AM,03:41 PM,05:40 AM,05:33 PM,13,17,17,17,4,23,83,3.0,1011,26,10,244,3,Florida
2016-10-28,24,16,0.0,11.6,5,9,04:04 AM,04:22 PM,05:40 AM,05:33 PM,17,19,20,19,4,37,85,18.8,1012,24,8,230,3,Florida
2016-10-29,24,6,0.0,8.8,4,2,04:49 AM,05:03 PM,05:40 AM,05:33 PM,11,13,13,13,4,62,92,51.5,1013,24,7,227,3,Florida
2016-10-30,27,7,0.0,11.6,4,0,05:34 AM,05:45 PM,05:40 AM,05:33 PM,11,13,14,13,4,41,86,21.0,1012,27,8,215,3,Florida
2016-10-31,26,6,0.0,11.6,4,0,06:19 AM,06:27 PM,05:40 AM,05:32 PM,12,14,15,14,5,36,87,26.9,1011,26,7,174,3,Florida
2016-11-01,24,18,0.0,11.6,5,6,07:06 AM,07:12 PM,05:40 AM,05:32 PM,18,20,21,20,5,38,85,8.1,1012,24,9,213,4,Florida
2016-11-02,22,6,0.0,11.6,3,13,07:53 AM,07:57 PM,05:40 AM,05:32 PM,10,13,13,13,5,23,83,5.3,1013,22,9,185,3,Florida
2016-11-03,16,5,0.0,11.6,4,21,08:41 AM,08:44 PM,05:40 AM,05:32 PM,6,10,10,10,5,15,80,1.1,1013,16,10,177,4,Florida
2016-11-04,16,5,0.0,11.6,3,28,09:30 AM,09:33 PM,05:41 AM,05:32 PM,7,10,10,10,5,22,82,6.1,1013,16,9,184,3,Florida
2016-11-05,16,7,0.0,11.6,3,36,10:18 AM,10:22 PM,05:41 AM,05:32 PM,8,11,11,11,5,23,82,8.1,1013,16,9,169,4,Florida
2016-11-06,24,9,0.0,11.6,4,43,11:07 AM,11:13 PM,05:41 AM,05:31 PM,11,14,15,14,4,27,82,12.2,1013,24,9,207,3,Florida
2016-11-07,24,7,0.0,11.6,4,51,11:55 AM,No moonset,05:41 AM,05:31 PM,10,13,13,13,5,43,84,13.9,1013,24,8,233,3,Florida
2016-11-08,18,7,0.0,11.6,3,58,12:43 PM,12:04 AM,05:41 AM,05:31 PM,8,11,11,11,4,40,85,11.9,1012,18,8,243,3,Florida
2016-11-09,24,8,0.0,11.6,4,66,01:32 PM,12:57 AM,05:42 AM,05:31 PM,10,13,13,13,4,37,85,16.9,1012,24,9,149,3,Florida
2016-11-10,26,7,0.0,11.6,4,74,02:21 PM,01:50 AM,05:42 AM,05:31 PM,11,14,14,14,6,30,83,14.9,1012,26,9,174,4,Florida
2016-11-11,16,7,0.0,11.6,3,81,03:12 PM,02:44 AM,05:42 AM,05:31 PM,8,11,11,11,5,33,85,18.6,1012,16,7,226,3,Florida
2016-11-12,20,6,0.0,11.6,3,89,04:04 PM,03:41 AM,05:42 AM,05:31 PM,9,12,12,12,3,38,84,3.4,1012,20,9,173,2,Florida
2016-11-13,25,6,0.0,11.6,4,96,04:59 PM,04:39 AM,05:43 AM,05:31 PM,10,13,13,13,4,30,83,10.3,1012,25,8,186,3,Florida
2016-11-14,24,7,0.0,11.6,4,100,05:57 PM,05:41 AM,05:43 AM,05:31 PM,12,13,14,13,4,52,90,28.7,1011,24,8,217,3,Florida
2016-11-15,23,8,0.0,8.8,4,89,06:56 PM,06:42 AM,05:43 AM,05:31 PM,14,15,15,15,6,51,92,38.4,1011,23,7,247,4,Florida
2016-11-16,25,15,0.0,11.6,5,81,07:57 PM,07:45 AM,05:44 AM,05:31 PM,17,20,20,20,6,29,85,5.7,1011,25,9,219,4,Florida
2016-11-17,25,14,0.0,11.6,5,74,08:57 PM,08:46 AM,05:44 AM,05:31 PM,16,19,19,19,6,30,84,3.9,1011,25,9,213,4,Florida
2016-11-18,25,13,0.0,11.6,5,66,09:55 PM,09:44 AM,05:44 AM,05:32 PM,16,19,19,19,5,35,86,23.5,1011,25,8,217,3,Florida
2016-11-19,24,16,0.0,11.6,5,58,10:50 PM,10:38 AM,05:45 AM,05:32 PM,18,21,21,20,6,57,89,25.5,1012,24,8,233,4,Florida
2016-11-20,23,7,0.0,11.6,4,51,11:42 PM,11:29 AM,05:45 AM,05:32 PM,14,16,16,16,5,41,87,31.8,1012,23,8,191,3,Florida
2016-11-21,25,5,0.0,11.6,4,43,No moonrise,12:15 PM,05:45 AM,05:32 PM,8,12,13,12,6,19,76,0.8,1011,25,10,176,4,Florida
2016-11-22,26,8,0.0,11.6,4,36,12:30 AM,12:59 PM,05:46 AM,05:32 PM,11,15,15,15,6,31,79,8.7,1011,26,9,196,4,Florida
2016-11-23,23,6,0.0,11.6,4,28,01:18 AM,01:41 PM,05:46 AM,05:32 PM,9,13,13,13,5,37,81,7.2,1011,23,10,222,4,Florida
2016-11-24,25,6,0.0,11.6,4,21,02:03 AM,02:22 PM,05:47 AM,05:32 PM,9,12,12,12,5,30,81,10.0,1011,25,9,181,4,Florida
2016-11-25,25,7,0.0,11.6,4,13,02:47 AM,03:02 PM,05:47 AM,05:33 PM,10,13,13,13,5,41,84,14.0,1012,25,8,168,3,Florida
2016-11-26,25,7,0.0,11.6,4,6,03:32 AM,03:44 PM,05:47 AM,05:33 PM,13,16,16,16,4,39,85,10.6,1012,25,9,271,3,Florida
2016-11-27,26,7,0.0,11.6,4,0,04:17 AM,04:25 PM,05:48 AM,05:33 PM,13,16,16,16,4,26,82,0.8,1012,26,7,176,3,Florida
2016-11-28,24,6,0.0,10.2,3,0,05:03 AM,05:09 PM,05:48 AM,05:33 PM,8,12,12,12,3,42,82,3.2,1011,24,6,221,3,Florida
2016-11-29,23,8,0.0,11.6,3,0,05:51 AM,05:55 PM,05:49 AM,05:34 PM,10,12,12,12,5,41,85,12.4,1012,23,8,259,4,Florida
2016-11-30,25,6,0.0,11.6,4,2,06:38 AM,06:42 PM,05:49 AM,05:34 PM,11,15,15,15,5,28,83,6.0,1011,25,9,210,3,Florida
2016-12-01,24,8,0.0,11.6,3,9,07:27 AM,07:31 PM,05:50 AM,05:34 PM,11,13,14,13,5,35,84,22.3,1012,24,9,225,4,Florida
2016-12-02,18,8,0.0,11.6,3,16,08:16 AM,08:19 PM,05:50 AM,05:34 PM,11,14,14,14,3,53,86,8.8,1013,18,9,212,2,Florida
2016-12-03,17,8,0.0,10.2,3,23,09:05 AM,09:10 PM,05:50 AM,05:35 PM,11,13,13,13,4,66,88,24.3,1013,17,7,197,3,Florida
2016-12-04,24,7,0.0,11.6,4,31,09:53 AM,10:00 PM,05:51 AM,05:35 PM,13,16,16,16,5,33,87,36.9,1013,24,8,175,3,Florida
2016-12-05,25,18,0.0,11.6,5,38,10:40 AM,10:51 PM,05:51 AM,05:35 PM,18,22,22,21,4,39,86,15.7,1013,25,8,209,3,Florida
2016-12-06,26,16,0.0,11.6,5,45,11:27 AM,11:42 PM,05:52 AM,05:36 PM,18,21,21,21,5,39,85,17.6,1013,26,8,166,3,Florida
2016-12-07,27,8,0.0,11.6,4,52,12:14 PM,No moonset,05:52 AM,05:36 PM,12,15,15,15,6,29,82,7.2,1013,27,9,147,4,Florida
2016-12-08,25,7,0.0,11.6,4,60,01:02 PM,12:33 AM,05:53 AM,05:37 PM,10,13,14,13,5,27,83,13.7,1013,25,9,160,4,Florida
2016-12-09,25,8,0.0,11.6,4,67,01:51 PM,01:27 AM,05:53 AM,05:37 PM,12,15,16,15,6,30,84,19.2,1013,25,8,155,4,Florida
2016-12-10,26,14,0.0,11.6,4,74,02:43 PM,02:22 AM,05:54 AM,05:37 PM,16,19,19,19,4,43,85,22.5,1013,26,8,197,3,Florida
2016-12-11,27,12,0.0,11.6,5,82,03:38 PM,03:20 AM,05:54 AM,05:38 PM,15,20,20,20,11,18,75,6.9,1013,27,9,156,6,Florida
2016-12-12,27,12,0.0,11.6,5,89,04:35 PM,04:20 AM,05:55 AM,05:38 PM,13,18,19,18,9,18,73,7.0,1013,27,9,157,6,Florida
2016-12-13,25,8,0.0,11.6,4,96,05:36 PM,05:23 AM,05:55 AM,05:39 PM,11,15,15,15,8,22,78,6.3,1013,25,9,158,5,Florida
2016-12-14,26,6,0.0,11.6,4,100,06:37 PM,06:25 AM,05:56 AM,05:39 PM,7,12,12,12,9,19,74,2.2,1013,26,10,156,5,Florida
2016-12-15,28,6,0.0,11.6,5,89,07:38 PM,07:27 AM,05:56 AM,05:40 PM,10,16,16,16,9,12,70,1.3,1013,28,10,158,6,Florida
2016-12-16,24,6,0.0,11.6,4,82,08:36 PM,08:24 AM,05:57 AM,05:40 PM,6,12,13,12,9,14,70,5.3,1014,24,9,180,5,Florida
2016-12-17,26,6,0.0,11.6,4,75,09:32 PM,09:19 AM,05:57 AM,05:41 PM,8,13,13,13,8,16,73,5.3,1014,26,9,165,5,Florida
2016-12-18,21,8,0.0,11.6,5,68,10:23 PM,10:08 AM,05:58 AM,05:41 PM,6,13,13,13,12,9,62,0.1,1013,21,10,156,7,Florida
2016-12-19,21,6,0.0,11.6,4,60,11:13 PM,10:55 AM,05:58 AM,05:42 PM,2,11,12,11,13,4,51,0.0,1013,21,10,155,7,Florida
2016-12-20,25,5,0.0,11.6,5,53,11:59 PM,11:39 AM,05:59 AM,05:42 PM,4,12,12,12,11,5,59,0.0,1011,25,10,159,6,Florida
2016-12-21,16,5,0.0,11.6,3,46,No moonrise,12:20 PM,05:59 AM,05:42 PM,3,9,9,9,9,11,66,0.3,1012,16,10,185,6,Florida
2016-12-22,21,4,0.0,11.4,3,38,12:44 AM,01:01 PM,06:00 AM,05:43 PM,6,11,11,11,5,23,77,0.4,1013,21,10,157,3,Florida
2016-12-23,26,14,0.0,11.4,5,31,01:29 AM,01:42 PM,06:00 AM,05:43 PM,16,20,20,20,4,22,80,0.2,1013,26,10,168,3,Florida
2016-12-24,27,11,0.0,8.7,5,24,02:14 AM,02:23 PM,06:01 AM,05:44 PM,16,20,20,20,4,28,79,0.3,1013,27,10,144,3,Florida
2016-12-25,26,6,0.0,8.7,4,17,03:00 AM,03:07 PM,06:01 AM,05:45 PM,9,13,14,13,6,25,77,3.1,1012,26,10,151,4,Florida
2016-12-26,19,7,0.0,8.7,3,9,03:47 AM,03:52 PM,06:02 AM,05:45 PM,7,11,12,11,7,29,73,2.9,1012,19,10,190,5,Florida
2016-12-27,19,6,0.0,8.7,3,2,04:34 AM,04:38 PM,06:02 AM,05:46 PM,7,11,11,11,6,26,76,0.6,1012,19,10,185,4,Florida
2016-12-28,20,7,0.0,8.7,5,0,05:23 AM,05:27 PM,06:03 AM,05:46 PM,7,12,12,12,6,21,74,0.1,1012,20,10,156,4,Florida
2016-12-29,25,6,0.0,8.7,5,0,06:12 AM,06:16 PM,06:03 AM,05:47 PM,7,12,12,12,6,15,72,0.1,1012,25,10,160,4,Florida
2016-12-30,20,7,0.0,8.7,4,5,07:02 AM,07:07 PM,06:04 AM,05:47 PM,10,14,14,14,5,25,78,6.6,1013,20,9,212,4,Florida
2016-12-31,26,6,0.0,8.7,5,9,07:51 AM,07:58 PM,06:04 AM,05:48 PM,12,16,17,16,6,32,77,2.2,1014,26,10,184,3,Florida
2017-01-01,28,8,0.0,8.7,4,20,08:38 AM,08:48 PM,06:04 AM,05:48 PM,11,17,18,17,10,21,69,2.6,1014,28,10,153,6,Florida
2017-01-02,27,7,0.0,8.7,5,27,09:26 AM,09:39 PM,06:05 AM,05:49 PM,7,14,15,14,11,10,60,0.1,1014,27,10,157,7,Florida
2017-01-03,26,7,0.0,8.7,4,34,10:12 AM,10:30 PM,06:05 AM,05:49 PM,6,13,14,13,10,13,63,0.9,1012,26,10,195,6,Florida
2017-01-04,29,8,0.0,8.7,6,41,10:59 AM,11:22 PM,06:06 AM,05:50 PM,10,17,17,17,6,9,71,0.1,1011,29,10,155,4,Florida
2017-01-05,28,8,0.0,8.7,6,49,11:46 AM,No moonset,06:06 AM,05:50 PM,11,19,18,19,6,13,68,0.0,1012,28,10,195,4,Florida
2017-01-06,27,7,0.0,8.7,5,56,12:35 PM,12:14 AM,06:06 AM,05:51 PM,14,20,20,19,6,17,75,2.1,1013,27,10,160,4,Florida
2017-01-07,27,6,0.0,8.7,4,63,01:26 PM,01:09 AM,06:07 AM,05:51 PM,9,14,14,14,5,23,77,1.8,1014,27,10,200,4,Florida
2017-01-08,24,6,0.0,8.7,4,70,02:20 PM,02:05 AM,06:07 AM,05:52 PM,8,13,13,13,5,34,77,4.1,1014,24,9,167,3,Florida
2017-01-09,26,8,0.0,8.7,5,78,03:17 PM,03:05 AM,06:07 AM,05:52 PM,16,20,20,20,4,42,80,7.0,1014,26,9,217,3,Florida
2017-01-10,26,6,0.0,8.7,5,85,04:17 PM,04:05 AM,06:08 AM,05:53 PM,10,15,15,15,5,26,74,0.0,1013,26,10,164,4,Florida
2017-01-11,26,6,0.0,8.7,5,92,05:18 PM,05:06 AM,06:08 AM,05:53 PM,9,14,14,14,6,16,72,0.0,1013,26,10,219,4,Florida
2017-01-12,21,4,0.0,8.7,4,100,06:17 PM,06:06 AM,06:08 AM,05:54 PM,5,10,10,10,6,16,72,0.2,1013,21,10,181,4,Florida
2017-01-13,23,4,0.0,8.7,4,100,07:16 PM,07:03 AM,06:09 AM,05:54 PM,5,11,11,11,6,10,71,0.0,1014,23,10,166,5,Florida
2017-01-14,16,4,0.0,8.7,4,86,08:10 PM,07:56 AM,06:09 AM,05:54 PM,4,10,10,10,6,12,71,0.0,1013,16,10,206,4,Florida
2017-01-15,20,4,0.0,8.7,4,79,09:02 PM,08:45 AM,06:09 AM,05:55 PM,4,11,11,11,8,9,66,0.0,1013,20,10,200,5,Florida
2017-01-16,25,6,0.0,8.7,5,71,09:51 PM,09:32 AM,06:09 AM,05:55 PM,4,14,15,14,11,5,51,0.0,1013,25,10,157,7,Florida
2017-01-17,18,6,0.0,8.7,4,64,10:38 PM,10:15 AM,06:10 AM,05:56 PM,-2,9,10,9,11,5,45,0.0,1013,18,10,163,7,Florida
2017-01-18,17,6,0.0,8.7,4,57,11:24 PM,10:57 AM,06:10 AM,05:56 PM,0,9,10,9,9,8,54,0.2,1014,17,10,170,6,Florida
2017-01-19,18,6,0.0,8.7,4,50,No moonrise,11:39 AM,06:10 AM,05:57 PM,1,10,10,10,10,6,55,0.0,1013,18,10,169,6,Florida
2017-01-20,26,5,0.0,8.7,5,42,12:09 AM,12:20 PM,06:10 AM,05:57 PM,1,11,12,11,10,9,53,0.0,1014,26,10,198,6,Florida
2017-01-21,27,5,0.0,8.7,5,35,12:55 AM,01:03 PM,06:10 AM,05:57 PM,8,15,15,15,7,17,66,0.3,1015,27,10,189,5,Florida
2017-01-22,27,15,0.0,8.7,6,28,01:41 AM,01:47 PM,06:10 AM,05:58 PM,14,20,20,20,7,20,71,0.1,1014,27,10,212,5,Florida
2017-01-23,27,6,0.0,8.7,6,20,02:28 AM,02:32 PM,06:11 AM,05:58 PM,13,19,19,19,7,20,72,0.0,1014,27,10,218,5,Florida
2017-01-24,25,3,0.0,8.7,4,13,03:16 AM,03:20 PM,06:11 AM,05:58 PM,5,11,11,11,6,19,71,0.2,1015,25,10,222,4,Florida
2017-01-25,27,4,0.0,8.7,4,6,04:05 AM,04:09 PM,06:11 AM,05:59 PM,5,12,12,12,8,17,66,0.4,1014,27,10,164,5,Florida
2017-01-26,25,7,0.0,8.7,4,0,04:55 AM,05:00 PM,06:11 AM,05:59 PM,5,12,13,12,8,18,64,0.5,1015,25,10,150,5,Florida
2017-01-27,23,7,0.0,8.7,4,0,05:45 AM,05:52 PM,06:11 AM,05:59 PM,6,12,12,12,7,17,67,0.3,1014,23,10,150,5,Florida
2017-01-28,18,5,0.0,11.6,4,1,06:34 AM,06:43 PM,06:11 AM,06:00 PM,5,11,11,11,6,17,72,0.2,1013,18,10,196,4,Florida
2017-01-29,25,7,0.0,11.6,5,8,07:23 AM,07:35 PM,06:11 AM,06:00 PM,6,13,13,13,8,14,67,0.2,1013,25,10,200,5,Florida
2017-01-30,28,10,0.0,11.6,4,16,08:10 AM,08:27 PM,06:11 AM,06:00 PM,12,17,17,17,4,21,74,1.4,1014,28,10,204,3,Florida
2017-01-31,28,12,0.0,11.6,5,20,08:58 AM,09:19 PM,06:11 AM,06:01 PM,15,21,21,21,6,27,74,3.6,1014,28,10,169,4,Florida
2017-02-01,25,8,0.0,11.6,5,31,09:45 AM,10:11 PM,06:11 AM,06:01 PM,11,17,18,17,8,21,67,1.7,1013,25,10,196,5,Florida
2017-02-02,28,7,0.0,11.6,4,39,10:33 AM,11:05 PM,06:11 AM,06:01 PM,9,16,16,16,9,15,68,4.0,1013,28,10,169,6,Florida
2017-02-03,28,6,0.0,11.6,5,46,11:23 AM,11:59 PM,06:11 AM,06:01 PM,11,17,17,17,6,20,72,1.3,1013,28,10,192,4,Florida
2017-02-04,29,14,0.0,11.6,6,54,12:14 PM,No moonset,06:11 AM,06:02 PM,14,21,21,21,8,15,67,0.1,1013,29,10,163,5,Florida
2017-02-05,30,10,0.0,11.6,7,62,01:08 PM,12:56 AM,06:11 AM,06:02 PM,11,21,21,20,10,11,56,0.1,1012,30,10,156,6,Florida
2017-02-06,31,9,0.0,11.6,7,69,02:05 PM,01:54 AM,06:11 AM,06:02 PM,9,19,19,19,11,9,53,0.1,1012,31,10,157,7,Florida
2017-02-07,31,9,0.0,11.6,6,77,03:03 PM,02:53 AM,06:11 AM,06:02 PM,5,16,16,16,11,6,49,0.0,1012,31,10,156,7,Florida
2017-02-08,30,8,0.0,11.6,5,84,04:02 PM,03:51 AM,06:10 AM,06:03 PM,1,15,15,15,12,2,39,0.0,1012,30,10,153,7,Florida
2017-02-09,31,8,0.0,11.6,6,92,05:00 PM,04:48 AM,06:10 AM,06:03 PM,6,17,18,17,11,8,48,0.0,1013,31,10,198,7,Florida
2017-02-10,29,5,0.0,11.6,5,99,05:56 PM,05:43 AM,06:10 AM,06:03 PM,8,16,16,16,7,10,66,0.0,1014,29,10,203,5,Florida
2017-02-11,27,5,0.0,11.6,5,100,06:49 PM,06:33 AM,06:10 AM,06:03 PM,5,14,14,14,8,7,60,0.0,1013,27,10,163,5,Florida
2017-02-12,21,7,0.0,11.6,4,86,07:40 PM,07:22 AM,06:10 AM,06:03 PM,1,11,12,11,10,9,48,0.0,1013,21,10,167,7,Florida
2017-02-13,22,6,0.0,11.6,4,78,08:28 PM,08:07 AM,06:10 AM,06:03 PM,0,11,12,11,9,12,48,0.0,1012,22,10,173,6,Florida
2017-02-14,19,6,0.0,11.6,4,71,09:16 PM,08:50 AM,06:09 AM,06:03 PM,-4,10,11,10,10,6,38,0.0,1013,19,10,165,7,Florida
2017-02-15,22,6,0.0,11.6,4,63,10:02 PM,09:33 AM,06:09 AM,06:04 PM,-5,11,12,11,11,3,32,0.0,1015,22,10,162,7,Florida
2017-02-16,21,6,0.0,11.6,4,55,10:48 PM,10:15 AM,06:09 AM,06:04 PM,-4,11,11,11,10,5,36,0.0,1016,21,10,162,7,Florida
2017-02-17,27,5,0.0,11.6,5,48,11:34 PM,10:57 AM,06:09 AM,06:04 PM,2,12,12,12,9,11,50,0.0,1016,27,10,169,6,Florida
2017-02-18,30,6,0.0,11.6,6,40,No moonrise,11:41 AM,06:08 AM,06:04 PM,9,17,17,17,9,16,61,0.0,1014,30,10,201,6,Florida
2017-02-19,28,13,0.0,11.6,6,33,12:20 AM,12:25 PM,06:08 AM,06:04 PM,13,20,20,20,7,28,68,0.2,1014,28,10,219,5,Florida
2017-02-20,30,6,0.0,11.6,5,25,01:08 AM,01:12 PM,06:08 AM,06:04 PM,12,19,19,19,7,22,68,0.5,1014,30,10,214,5,Florida
2017-02-21,27,7,0.0,11.6,4,18,01:57 AM,02:00 PM,06:08 AM,06:04 PM,9,15,15,15,7,24,70,0.8,1013,27,10,220,5,Florida
2017-02-22,29,7,0.0,11.6,6,10,02:46 AM,02:50 PM,06:07 AM,06:04 PM,11,18,18,18,7,12,65,0.1,1012,29,10,194,5,Florida
2017-02-23,29,6,0.0,11.6,5,3,03:36 AM,03:41 PM,06:07 AM,06:04 PM,5,15,15,15,9,7,54,0.0,1013,29,10,161,6,Florida
2017-02-24,29,6,0.0,11.6,6,0,04:25 AM,04:33 PM,06:07 AM,06:04 PM,9,17,17,17,7,9,61,0.0,1013,29,10,164,5,Florida
2017-02-25,29,5,0.0,11.6,4,0,05:14 AM,05:26 PM,06:06 AM,06:04 PM,9,16,16,16,7,19,67,1.8,1013,29,10,158,5,Florida
2017-02-26,26,8,0.0,11.6,5,0,06:03 AM,06:18 PM,06:06 AM,06:04 PM,14,18,19,18,6,38,77,10.8,1014,26,8,187,4,Florida
2017-02-27,28,7,0.0,11.6,4,5,06:52 AM,07:12 PM,06:06 AM,06:04 PM,9,15,15,15,9,26,67,7.6,1014,28,9,168,6,Florida
2017-02-28,28,7,0.0,11.6,5,12,07:41 AM,08:05 PM,06:05 AM,06:04 PM,8,15,16,15,8,20,64,8.6,1013,28,9,174,5,Florida
2017-03-01,28,7,0.0,11.6,5,19,08:29 AM,09:00 PM,06:05 AM,06:04 PM,10,16,16,16,5,23,69,2.5,1012,28,10,213,4,Florida
2017-03-02,28,6,0.0,11.6,5,26,09:20 AM,09:55 PM,06:05 AM,06:04 PM,9,16,16,16,6,21,68,0.8,1012,28,10,174,4,Florida
2017-03-03,27,8,0.0,11.6,6,34,10:11 AM,10:51 PM,06:04 AM,06:04 PM,8,16,16,16,8,14,61,0.1,1013,27,10,168,5,Florida
2017-03-04,29,9,0.0,11.6,6,41,11:05 AM,11:49 PM,06:04 AM,06:04 PM,15,22,22,22,6,19,66,0.3,1012,29,10,172,4,Florida
2017-03-05,29,12,0.0,11.6,5,48,12:00 PM,No moonset,06:03 AM,06:04 PM,14,21,21,20,6,26,69,2.4,1011,29,9,170,4,Florida
2017-03-06,27,15,0.0,11.6,5,55,12:57 PM,12:47 AM,06:03 AM,06:04 PM,16,22,22,22,6,24,72,2.2,1011,27,10,157,4,Florida
2017-03-07,27,10,0.0,11.6,5,63,01:54 PM,01:45 AM,06:02 AM,06:04 PM,13,18,19,18,5,30,75,6.8,1012,27,9,164,3,Florida
2017-03-08,26,16,0.0,11.6,5,70,02:51 PM,02:40 AM,06:02 AM,06:04 PM,17,22,22,21,5,35,79,5.5,1014,26,10,197,3,Florida
2017-03-09,27,7,0.0,11.6,5,77,03:46 PM,03:34 AM,06:02 AM,06:04 PM,13,18,18,18,5,22,74,0.8,1012,27,10,145,3,Florida
2017-03-10,27,15,0.0,11.6,5,85,04:39 PM,04:25 AM,06:01 AM,06:04 PM,16,22,22,21,5,31,74,3.2,1012,27,10,182,4,Florida
2017-03-11,27,8,0.0,11.6,5,92,05:30 PM,05:14 AM,06:01 AM,06:04 PM,13,18,18,18,5,34,73,10.5,1013,27,9,218,3,Florida
2017-03-12,25,17,0.0,11.7,5,99,06:19 PM,05:59 AM,06:00 AM,06:04 PM,18,22,22,21,4,58,83,24.3,1013,25,9,212,3,Florida
2017-03-13,21,8,0.0,12.0,4,100,07:07 PM,06:43 AM,06:00 AM,06:04 PM,9,13,13,13,5,41,78,7.6,1013,21,8,145,3,Florida
2017-03-14,20,7,0.0,12.5,4,86,07:54 PM,07:27 AM,05:59 AM,06:04 PM,9,13,13,13,6,31,78,24.5,1013,20,8,163,4,Florida
2017-03-15,27,6,0.0,12.5,4,79,08:40 PM,08:09 AM,05:59 AM,06:04 PM,11,15,15,15,6,35,80,34.3,1014,27,7,201,4,Florida
2017-03-16,27,7,0.0,12.5,5,72,09:27 PM,08:51 AM,05:58 AM,06:03 PM,13,18,18,18,6,29,77,6.4,1014,27,9,209,4,Florida
2017-03-17,27,7,0.0,12.5,4,65,10:13 PM,09:35 AM,05:58 AM,06:03 PM,11,15,15,15,5,35,77,3.4,1014,27,10,207,4,Florida
2017-03-18,26,7,0.0,12.5,4,57,11:01 PM,10:19 AM,05:57 AM,06:03 PM,11,16,16,16,6,28,76,1.9,1014,26,10,225,4,Florida
2017-03-19,28,9,0.0,12.5,6,50,11:49 PM,11:04 AM,05:57 AM,06:03 PM,11,17,17,17,6,21,72,0.3,1014,28,10,230,4,Florida
2017-03-20,27,10,0.0,12.5,5,43,No moonrise,11:52 AM,05:57 AM,06:03 PM,13,18,18,18,6,29,74,3.1,1014,27,10,236,4,Florida
2017-03-21,27,12,0.0,12.5,5,35,12:37 AM,12:40 PM,05:56 AM,06:03 PM,15,20,20,19,6,27,76,1.3,1014,27,10,221,4,Florida
2017-03-22,27,13,0.0,12.5,5,28,01:26 AM,01:30 PM,05:56 AM,06:03 PM,14,19,19,19,5,27,76,7.9,1013,27,9,262,3,Florida
2017-03-23,22,7,0.0,11.8,4,21,02:14 AM,02:20 PM,05:55 AM,06:03 PM,12,14,15,14,5,47,88,28.8,1014,22,8,248,4,Florida
2017-03-24,26,6,0.0,12.5,5,14,03:03 AM,03:13 PM,05:55 AM,06:03 PM,11,15,16,15,5,43,80,3.8,1014,26,8,255,4,Florida
2017-03-25,27,6,0.0,12.5,4,6,03:52 AM,04:05 PM,05:54 AM,06:03 PM,10,15,15,15,5,35,75,1.7,1013,27,9,250,3,Florida
2017-03-26,26,6,0.0,12.5,4,0,04:40 AM,04:58 PM,05:54 AM,06:02 PM,11,15,15,15,5,32,77,7.3,1014,26,9,214,4,Florida
2017-03-27,28,6,0.0,12.5,5,0,05:30 AM,05:53 PM,05:53 AM,06:02 PM,13,18,18,18,5,29,77,9.1,1013,28,9,221,4,Florida
2017-03-28,26,8,0.0,12.5,4,1,06:19 AM,06:48 PM,05:53 AM,06:02 PM,12,16,16,16,5,47,81,24.8,1013,26,8,221,4,Florida
2017-03-29,27,9,0.0,12.5,5,8,07:11 AM,07:45 PM,05:52 AM,06:02 PM,13,16,16,16,3,44,82,25.8,1012,27,8,257,2,Florida
2017-03-30,25,8,0.0,12.5,5,15,08:03 AM,08:43 PM,05:52 AM,06:02 PM,13,16,17,16,4,57,85,32.6,1013,25,8,286,3,Florida
2017-03-31,26,8,0.0,12.5,4,19,08:58 AM,09:42 PM,05:51 AM,06:02 PM,13,16,16,16,5,58,85,41.3,1013,26,7,207,3,Florida
2017-04-01,27,7,0.0,12.5,5,31,09:55 AM,10:41 PM,05:51 AM,06:02 PM,12,16,17,16,10,21,77,20.8,1014,27,9,157,6,Florida
2017-04-02,29,7,0.0,12.5,5,38,10:52 AM,11:40 PM,05:50 AM,06:02 PM,12,19,19,17,11,14,71,8.5,1013,29,9,154,7,Florida
2017-04-03,29,9,0.0,12.5,6,46,11:50 AM,No moonset,05:50 AM,06:02 PM,11,20,20,19,12,8,62,0.8,1012,29,10,155,7,Florida
2017-04-04,30,8,0.0,12.5,6,54,12:46 PM,12:37 AM,05:49 AM,06:02 PM,8,18,18,17,12,8,55,0.4,1012,30,10,156,7,Florida
2017-04-05,30,7,0.0,12.5,5,61,01:42 PM,01:31 AM,05:49 AM,06:01 PM,10,18,18,17,10,13,61,6.0,1013,30,10,190,6,Florida
2017-04-06,29,8,0.0,12.5,5,69,02:34 PM,02:22 AM,05:48 AM,06:01 PM,12,19,19,18,9,15,68,12.6,1013,29,9,167,5,Florida
2017-04-07,28,8,0.0,12.5,5,76,03:26 PM,03:10 AM,05:48 AM,06:01 PM,13,19,19,18,7,20,72,3.7,1012,28,10,186,5,Florida
2017-04-08,28,13,0.0,12.5,5,84,04:14 PM,03:56 AM,05:47 AM,06:01 PM,16,21,21,21,6,25,76,4.2,1012,28,10,225,4,Florida
2017-04-09,27,13,0.0,12.5,5,91,05:02 PM,04:40 AM,05:47 AM,06:01 PM,17,21,21,21,5,28,79,5.2,1012,27,9,210,4,Florida
2017-04-10,28,6,0.0,12.6,5,99,05:49 PM,05:23 AM,05:46 AM,06:01 PM,12,17,17,17,5,18,76,0.2,1012,28,10,218,4,Florida
2017-04-11,28,7,0.0,12.6,6,100,06:34 PM,06:05 AM,05:46 AM,06:01 PM,12,17,17,17,6,16,73,0.1,1012,28,10,261,4,Florida
2017-04-12,28,7,0.0,12.6,5,86,07:21 PM,06:47 AM,05:46 AM,06:01 PM,15,20,20,20,6,20,75,0.6,1012,28,10,241,4,Florida
2017-04-13,29,19,0.0,12.6,6,79,08:07 PM,07:30 AM,05:45 AM,06:01 PM,17,24,24,23,7,22,72,0.9,1012,29,10,200,4,Florida
2017-04-14,26,15,0.0,12.6,5,71,08:55 PM,08:13 AM,05:45 AM,06:01 PM,17,21,21,21,5,30,79,3.5,1013,26,10,168,3,Florida
2017-04-15,29,16,0.0,12.6,6,63,09:43 PM,08:59 AM,05:44 AM,06:01 PM,16,23,23,22,7,24,71,4.7,1012,29,9,164,4,Florida
2017-04-16,28,7,0.0,12.6,5,56,10:30 PM,09:45 AM,05:44 AM,06:01 PM,13,18,18,18,6,27,74,13.3,1012,28,9,205,4,Florida
2017-04-17,27,9,0.0,12.6,5,48,11:19 PM,10:33 AM,05:43 AM,06:01 PM,15,20,20,19,4,35,78,11.4,1013,27,9,213,3,Florida
2017-04-18,29,19,0.0,12.6,5,41,No moonrise,11:22 AM,05:43 AM,06:01 PM,18,24,24,23,5,38,76,11.2,1013,29,8,192,3,Florida
2017-04-19,24,8,0.0,12.6,5,33,12:06 AM,12:11 PM,05:43 AM,06:01 PM,15,18,18,18,5,53,85,27.0,1014,24,8,216,4,Florida
2017-04-20,26,8,0.0,12.6,5,26,12:54 AM,01:01 PM,05:42 AM,06:01 PM,13,16,17,16,5,41,82,18.8,1013,26,9,221,3,Florida
2017-04-21,25,8,0.0,12.6,4,18,01:42 AM,01:52 PM,05:42 AM,06:01 PM,13,16,16,16,5,45,81,23.7,1014,25,9,141,3,Florida
2017-04-22,28,6,0.0,12.6,5,11,02:29 AM,02:44 PM,05:41 AM,06:01 PM,14,20,20,19,5,20,74,1.9,1013,28,10,167,4,Florida
2017-04-23,29,18,0.0,12.6,5,3,03:17 AM,03:37 PM,05:41 AM,06:01 PM,18,24,24,23,4,22,79,13.3,1012,29,9,197,3,Florida
2017-04-24,27,15,0.0,11.9,5,0,04:06 AM,04:32 PM,05:41 AM,06:01 PM,18,22,22,21,6,52,84,19.5,1013,27,8,195,4,Florida
2017-04-25,27,8,0.0,12.6,5,0,04:56 AM,05:28 PM,05:40 AM,06:01 PM,15,20,20,19,6,36,80,21.1,1012,27,8,200,4,Florida
2017-04-26,25,12,0.0,11.9,5,0,05:49 AM,06:27 PM,05:40 AM,06:01 PM,18,20,20,20,4,40,89,38.6,1012,25,7,162,3,Florida
2017-04-27,28,14,0.0,12.6,5,4,06:44 AM,07:27 PM,05:40 AM,06:01 PM,15,21,21,21,9,14,72,8.6,1012,28,9,153,6,Florida
2017-04-28,28,7,0.0,12.6,5,12,07:42 AM,08:29 PM,05:39 AM,06:01 PM,13,18,18,17,9,19,73,3.5,1013,28,10,157,6,Florida
2017-04-29,29,9,0.0,12.6,5,19,08:41 AM,09:30 PM,05:39 AM,06:01 PM,13,19,19,18,6,24,72,7.5,1013,29,9,186,4,Florida
2017-04-30,24,9,0.0,12.6,5,27,09:41 AM,10:30 PM,05:39 AM,06:01 PM,13,16,17,16,5,35,84,22.4,1014,24,9,205,4,Florida
2017-05-01,27,7,0.0,12.6,5,33,10:40 AM,11:27 PM,05:39 AM,06:01 PM,13,17,17,17,4,25,80,7.0,1014,27,9,189,3,Florida
2017-05-02,26,8,0.0,12.6,5,40,11:37 AM,No moonset,05:38 AM,06:01 PM,13,17,18,17,6,38,79,11.9,1014,26,9,184,4,Florida
2017-05-03,25,8,0.0,12.6,5,48,12:31 PM,12:19 AM,05:38 AM,06:01 PM,11,15,16,15,5,38,77,21.0,1014,25,9,154,3,Florida
2017-05-04,26,8,0.0,12.6,5,55,01:23 PM,01:09 AM,05:38 AM,06:01 PM,12,16,17,16,8,38,74,12.3,1012,26,8,163,5,Florida
2017-05-05,27,8,0.0,12.6,5,62,02:12 PM,01:55 AM,05:37 AM,06:01 PM,13,17,18,17,6,41,80,25.6,1012,27,8,229,4,Florida
2017-05-06,24,9,0.0,12.6,5,70,03:00 PM,02:39 AM,05:37 AM,06:01 PM,15,17,18,17,5,50,89,37.2,1013,24,8,269,4,Florida
2017-05-07,25,10,0.0,11.9,5,77,03:46 PM,03:22 AM,05:37 AM,06:01 PM,16,18,19,18,5,67,88,40.9,1013,25,7,264,4,Florida
2017-05-08,24,9,0.0,10.5,4,84,04:31 PM,04:03 AM,05:37 AM,06:01 PM,15,16,17,16,4,74,91,39.0,1013,24,7,262,3,Florida
2017-05-09,24,8,0.0,10.5,5,91,05:18 PM,04:45 AM,05:37 AM,06:01 PM,14,16,17,16,4,65,90,48.3,1013,24,6,271,3,Florida
2017-05-10,23,8,0.0,10.5,4,99,06:04 PM,05:28 AM,05:36 AM,06:01 PM,14,16,16,16,4,70,92,43.6,1014,23,8,251,3,Florida
2017-05-11,25,8,0.0,12.7,5,100,06:51 PM,06:10 AM,05:36 AM,06:02 PM,14,17,17,17,5,62,85,24.9,1014,25,8,238,3,Florida
2017-05-12,24,8,0.0,12.7,5,87,07:38 PM,06:55 AM,05:36 AM,06:02 PM,15,18,18,18,4,47,85,21.5,1015,24,8,205,3,Florida
2017-05-13,27,11,0.0,12.7,5,80,08:26 PM,07:41 AM,05:36 AM,06:02 PM,17,21,21,20,5,44,83,20.8,1014,27,9,231,4,Florida
2017-05-14,26,8,0.0,12.7,5,72,09:14 PM,08:28 AM,05:36 AM,06:02 PM,14,17,17,17,4,45,87,37.8,1014,26,8,206,2,Florida
2017-05-15,24,7,0.0,9.2,4,65,10:02 PM,09:17 AM,05:36 AM,06:02 PM,14,16,17,16,3,70,91,44.8,1014,24,7,166,2,Florida
2017-05-16,26,9,0.0,11.9,5,58,10:49 PM,10:05 AM,05:36 AM,06:02 PM,17,21,21,20,4,69,87,40.3,1014,26,7,243,3,Florida
2017-05-17,26,10,0.0,12.7,5,50,11:36 PM,10:54 AM,05:35 AM,06:02 PM,17,21,21,20,3,42,87,40.4,1014,26,7,198,2,Florida
2017-05-18,27,7,0.0,12.7,5,43,No moonrise,11:44 AM,05:35 AM,06:03 PM,14,18,18,17,7,23,85,35.5,1012,27,7,152,4,Florida
2017-05-19,29,6,0.0,12.7,5,36,12:22 AM,12:34 PM,05:35 AM,06:03 PM,12,18,18,17,11,26,72,7.8,1010,29,9,159,6,Florida
2017-05-20,26,9,0.0,12.7,5,29,01:08 AM,01:25 PM,05:35 AM,06:03 PM,14,17,18,17,7,29,80,16.6,1011,26,8,148,4,Florida
2017-05-21,26,8,0.0,12.7,5,21,01:55 AM,02:17 PM,05:35 AM,06:03 PM,14,17,17,17,7,27,85,25.5,1013,26,8,156,4,Florida
2017-05-22,24,8,0.0,12.7,5,14,02:43 AM,03:11 PM,05:35 AM,06:03 PM,14,16,16,16,5,42,88,29.4,1014,24,8,149,3,Florida
2017-05-23,28,7,0.0,12.7,5,7,03:34 AM,04:08 PM,05:35 AM,06:03 PM,11,15,16,15,8,27,78,9.0,1014,28,9,154,5,Florida
2017-05-24,26,12,0.0,12.7,5,0,04:27 AM,05:08 PM,05:35 AM,06:04 PM,15,20,20,19,11,34,77,4.0,1013,26,10,99,6,Florida
2017-05-25,29,9,0.0,12.7,5,0,05:24 AM,06:09 PM,05:35 AM,06:04 PM,13,20,20,19,10,19,70,10.4,1013,29,9,162,6,Florida
2017-05-26,27,8,0.0,12.7,5,0,06:23 AM,07:12 PM,05:35 AM,06:04 PM,13,18,18,17,9,25,77,35.8,1014,27,7,170,5,Florida
2017-05-27,26,7,0.0,12.7,5,8,07:25 AM,08:15 PM,05:35 AM,06:04 PM,14,16,17,16,5,45,87,42.8,1015,26,7,195,3,Florida
2017-05-28,27,8,0.0,12.7,5,15,08:26 AM,09:16 PM,05:35 AM,06:05 PM,13,18,18,18,5,54,78,22.4,1014,27,8,173,4,Florida
2017-05-29,25,9,0.0,12.7,5,22,09:27 AM,10:12 PM,05:35 AM,06:05 PM,16,18,19,18,6,56,87,37.4,1015,25,7,217,4,Florida
2017-05-30,26,9,0.0,12.7,5,29,10:24 AM,11:05 PM,05:35 AM,06:05 PM,14,18,19,18,7,48,82,23.5,1015,26,8,173,4,Florida
2017-05-31,27,9,0.0,12.7,5,33,11:19 AM,11:53 PM,05:35 AM,06:05 PM,14,17,18,17,6,38,80,12.9,1014,27,9,166,4,Florida
2017-06-01,27,8,0.0,12.7,5,46,12:09 PM,No moonset,05:35 AM,06:05 PM,14,18,18,17,4,27,82,14.8,1014,27,9,243,3,Florida
2017-06-02,29,9,0.0,12.7,5,53,12:58 PM,12:38 AM,05:35 AM,06:06 PM,15,19,19,19,5,28,79,8.9,1013,29,9,172,3,Florida
2017-06-03,29,9,0.0,12.7,5,61,01:45 PM,01:22 AM,05:36 AM,06:06 PM,14,20,20,19,8,27,73,19.5,1012,29,8,163,5,Florida
2017-06-04,28,8,0.0,12.7,5,68,02:30 PM,02:03 AM,05:36 AM,06:06 PM,14,19,19,18,7,36,78,18.8,1012,28,9,164,4,Florida
2017-06-05,26,8,0.0,12.7,5,76,03:16 PM,02:45 AM,05:36 AM,06:06 PM,14,18,18,17,7,28,83,21.9,1013,26,8,153,4,Florida
2017-06-06,27,8,0.0,12.7,5,83,04:01 PM,03:27 AM,05:36 AM,06:07 PM,14,19,19,18,8,24,77,26.0,1012,27,8,171,5,Florida
2017-06-07,25,8,0.0,11.9,5,91,04:48 PM,04:09 AM,05:36 AM,06:07 PM,15,16,17,16,6,52,90,40.2,1013,25,7,221,3,Florida
2017-06-08,22,8,0.0,9.3,4,98,05:35 PM,04:53 AM,05:36 AM,06:07 PM,15,16,17,16,4,86,94,51.1,1015,22,7,165,3,Florida
2017-06-09,26,13,0.0,12.7,5,100,06:23 PM,05:39 AM,05:36 AM,06:07 PM,17,20,20,20,6,40,84,11.0,1015,26,8,187,4,Florida
2017-06-10,26,13,0.0,12.7,5,87,07:11 PM,06:25 AM,05:36 AM,06:08 PM,18,22,22,21,5,32,84,33.0,1014,26,8,179,3,Florida
2017-06-11,26,13,0.0,12.7,5,79,07:59 PM,07:14 AM,05:37 AM,06:08 PM,17,22,22,20,8,39,84,38.8,1014,26,8,169,5,Florida
2017-06-12,23,7,0.0,11.9,4,71,08:47 PM,08:02 AM,05:37 AM,06:08 PM,13,15,16,15,4,60,91,34.0,1013,23,7,214,2,Florida
2017-06-13,25,7,0.0,12.7,5,64,09:34 PM,08:51 AM,05:37 AM,06:08 PM,14,17,17,17,4,51,86,24.3,1013,25,9,214,3,Florida
2017-06-14,26,8,0.0,12.7,5,56,10:19 PM,09:41 AM,05:37 AM,06:09 PM,14,18,19,18,4,58,83,28.2,1014,26,7,192,3,Florida
2017-06-15,27,7,0.0,12.7,5,49,11:05 PM,10:29 AM,05:37 AM,06:09 PM,14,17,18,17,6,33,84,26.1,1015,27,8,189,3,Florida
2017-06-16,26,6,0.0,12.7,5,41,11:50 PM,11:19 AM,05:37 AM,06:09 PM,14,18,18,17,6,41,84,42.2,1014,26,8,189,4,Florida
2017-06-17,23,8,0.0,9.3,4,34,No moonrise,12:09 PM,05:38 AM,06:09 PM,14,15,16,15,4,68,92,37.0,1014,23,8,207,3,Florida
2017-06-18,25,6,0.0,12.7,5,26,12:36 AM,01:00 PM,05:38 AM,06:09 PM,14,16,17,16,4,41,87,25.0,1013,25,8,191,3,Florida
2017-06-19,26,7,0.0,12.7,5,19,01:24 AM,01:54 PM,05:38 AM,06:10 PM,14,17,18,17,6,33,87,51.9,1013,26,7,166,3,Florida
2017-06-20,26,7,0.0,12.7,5,11,02:13 AM,02:50 PM,05:38 AM,06:10 PM,14,18,18,18,5,34,82,14.9,1013,26,9,165,3,Florida
2017-06-21,26,8,0.0,12.7,5,4,03:07 AM,03:50 PM,05:38 AM,06:10 PM,16,20,20,19,5,39,81,24.5,1013,26,8,153,3,Florida
2017-06-22,25,11,0.0,12.7,5,0,04:04 AM,04:51 PM,05:39 AM,06:10 PM,17,20,20,19,6,34,88,52.9,1013,25,6,200,3,Florida
2017-06-23,27,6,0.0,12.7,5,0,05:04 AM,05:55 PM,05:39 AM,06:11 PM,13,16,17,16,11,21,79,27.0,1013,27,8,157,6,Florida
2017-06-24,27,6,0.0,12.7,5,0,06:06 AM,06:57 PM,05:39 AM,06:11 PM,11,16,17,16,9,23,71,11.1,1013,27,9,164,5,Florida
2017-06-25,27,7,0.0,12.7,5,4,07:09 AM,07:57 PM,05:39 AM,06:11 PM,14,18,19,18,4,37,79,12.8,1014,27,9,197,3,Florida
2017-06-26,25,7,0.0,11.9,4,11,08:09 AM,08:54 PM,05:40 AM,06:11 PM,14,17,18,17,4,49,87,40.5,1014,25,7,204,3,Florida
2017-06-27,26,14,0.0,12.7,5,19,09:07 AM,09:46 PM,05:40 AM,06:11 PM,17,19,20,19,6,42,88,40.3,1014,26,7,166,4,Florida
2017-06-28,28,9,0.0,12.7,6,26,10:01 AM,10:33 PM,05:40 AM,06:11 PM,13,20,20,19,11,11,68,4.4,1013,28,10,154,7,Florida
2017-06-29,27,6,0.0,12.7,5,34,10:52 AM,11:19 PM,05:40 AM,06:12 PM,12,16,17,16,8,23,76,9.2,1014,27,9,172,5,Florida
2017-06-30,26,8,0.0,12.7,5,42,11:41 AM,No moonset,05:41 AM,06:12 PM,14,17,18,17,6,48,84,37.1,1014,26,7,205,4,Florida
2017-07-01,27,7,0.0,12.7,5,47,12:27 PM,12:02 AM,05:41 AM,06:12 PM,13,19,19,17,10,24,78,29.9,1014,27,8,156,6,Florida
2017-07-02,28,7,0.0,12.7,5,55,01:13 PM,12:44 AM,05:41 AM,06:12 PM,12,16,17,16,9,30,77,19.3,1014,28,9,173,5,Florida
2017-07-03,26,7,0.0,11.9,5,62,01:59 PM,01:26 AM,05:41 AM,06:12 PM,14,18,19,18,5,43,83,18.1,1014,26,8,172,3,Florida
2017-07-04,27,7,0.0,12.7,5,69,02:45 PM,02:08 AM,05:41 AM,06:12 PM,13,16,17,16,9,20,79,13.6,1014,27,9,157,5,Florida
2017-07-05,28,6,0.0,12.7,5,76,03:32 PM,02:51 AM,05:42 AM,06:12 PM,11,17,17,16,10,17,72,24.8,1014,28,8,161,6,Florida
2017-07-06,25,8,0.0,12.7,5,84,04:19 PM,03:36 AM,05:42 AM,06:13 PM,14,16,17,16,7,39,86,53.2,1015,25,6,175,4,Florida
2017-07-07,27,8,0.0,12.7,5,91,05:08 PM,04:22 AM,05:42 AM,06:13 PM,13,17,17,17,8,25,78,23.9,1014,27,8,164,5,Florida
2017-07-08,27,7,0.0,12.7,5,98,05:56 PM,05:10 AM,05:42 AM,06:13 PM,12,16,17,16,9,21,76,12.1,1014,27,9,164,6,Florida
2017-07-09,28,8,0.0,12.7,5,100,06:44 PM,05:59 AM,05:43 AM,06:13 PM,12,17,17,17,7,26,77,13.1,1014,28,9,171,4,Florida
2017-07-10,26,7,0.0,12.7,5,87,07:32 PM,06:48 AM,05:43 AM,06:13 PM,15,19,19,18,5,44,82,23.0,1013,26,8,209,3,Florida
2017-07-11,26,8,0.0,12.7,5,80,08:18 PM,07:38 AM,05:43 AM,06:13 PM,15,18,19,18,4,51,86,34.3,1014,26,8,191,3,Florida
2017-07-12,26,7,0.0,10.6,4,73,09:04 PM,08:27 AM,05:43 AM,06:13 PM,14,16,17,16,5,62,88,35.0,1015,26,7,188,3,Florida
2017-07-13,26,6,0.0,12.7,5,65,09:49 PM,09:16 AM,05:43 AM,06:13 PM,13,17,18,17,6,41,83,31.4,1015,26,8,165,4,Florida
2017-07-14,26,6,0.0,12.7,5,58,10:33 PM,10:05 AM,05:44 AM,06:13 PM,14,17,17,17,6,32,83,28.4,1015,26,8,183,4,Florida
2017-07-15,25,6,0.0,12.7,4,51,11:20 PM,10:55 AM,05:44 AM,06:13 PM,13,15,16,15,5,42,90,36.3,1015,25,8,185,3,Florida
2017-07-16,25,8,0.0,11.9,5,44,No moonrise,11:47 AM,05:44 AM,06:13 PM,15,17,18,17,5,54,87,24.8,1014,25,8,141,3,Florida
2017-07-17,26,9,0.0,12.7,5,36,12:07 AM,12:40 PM,05:44 AM,06:13 PM,13,16,17,16,6,39,83,18.9,1014,26,9,175,3,Florida
2017-07-18,27,7,0.0,12.7,5,29,12:57 AM,01:36 PM,05:44 AM,06:13 PM,13,18,18,17,9,47,76,22.0,1014,27,8,173,5,Florida
2017-07-19,27,7,0.0,12.7,5,22,01:51 AM,02:35 PM,05:45 AM,06:13 PM,13,17,18,17,7,40,80,26.9,1014,27,8,164,5,Florida
2017-07-20,24,9,0.0,12.7,4,15,02:47 AM,03:36 PM,05:45 AM,06:13 PM,13,16,16,16,5,49,86,31.3,1015,24,8,183,3,Florida
2017-07-21,27,10,0.0,12.7,5,7,03:48 AM,04:38 PM,05:45 AM,06:13 PM,14,19,19,18,8,23,77,21.1,1014,27,9,165,5,Florida
2017-07-22,26,9,0.0,12.7,5,0,04:49 AM,05:39 PM,05:45 AM,06:13 PM,13,18,18,17,10,19,77,32.9,1014,26,8,162,6,Florida
2017-07-23,27,8,0.0,12.7,5,0,05:51 AM,06:37 PM,05:45 AM,06:13 PM,13,19,19,18,10,18,74,7.3,1014,27,9,158,6,Florida
2017-07-24,28,9,0.0,12.7,5,0,06:51 AM,07:33 PM,05:45 AM,06:12 PM,13,19,19,18,11,20,73,22.7,1014,28,8,162,6,Florida
2017-07-25,28,10,0.0,12.7,5,7,07:48 AM,08:23 PM,05:45 AM,06:12 PM,13,19,19,18,10,32,74,35.6,1013,28,8,166,6,Florida
2017-07-26,27,9,0.0,12.7,5,14,08:41 AM,09:11 PM,05:46 AM,06:12 PM,13,18,18,17,9,26,76,18.6,1013,27,9,159,5,Florida
2017-07-27,27,9,0.0,12.7,5,22,09:32 AM,09:56 PM,05:46 AM,06:12 PM,13,19,19,18,10,26,73,15.0,1013,27,9,164,6,Florida
2017-07-28,28,10,0.0,12.7,5,29,10:20 AM,10:39 PM,05:46 AM,06:12 PM,13,19,19,18,8,24,73,5.5,1012,28,9,161,5,Florida
2017-07-29,27,9,0.0,12.7,5,36,11:08 AM,11:22 PM,05:46 AM,06:12 PM,14,19,19,18,8,27,75,18.6,1013,27,9,170,5,Florida
2017-07-30,25,10,0.0,12.7,5,43,11:54 AM,No moonset,05:46 AM,06:12 PM,14,18,18,18,6,34,82,26.7,1015,25,8,162,4,Florida
2017-07-31,25,9,0.0,12.7,5,47,12:40 PM,12:04 AM,05:46 AM,06:11 PM,14,17,17,17,4,42,84,21.4,1016,25,8,158,3,Florida
2017-08-01,25,9,0.0,12.7,5,58,01:28 PM,12:48 AM,05:46 AM,06:11 PM,14,17,18,17,7,29,81,14.1,1016,25,9,154,4,Florida
2017-08-02,28,7,0.0,12.7,5,65,02:15 PM,01:32 AM,05:46 AM,06:11 PM,11,18,18,17,11,11,67,2.4,1014,28,10,157,6,Florida
2017-08-03,28,9,0.0,12.7,5,73,03:03 PM,02:18 AM,05:46 AM,06:11 PM,13,20,20,19,11,22,72,34.8,1014,28,7,169,6,Florida
2017-08-04,27,14,0.0,12.6,5,80,03:51 PM,03:05 AM,05:46 AM,06:10 PM,15,21,21,20,7,48,75,10.4,1014,27,8,156,4,Florida
2017-08-05,25,10,0.0,12.6,5,87,04:40 PM,03:54 AM,05:46 AM,06:10 PM,12,17,18,17,6,39,74,7.7,1015,25,8,167,4,Florida
2017-08-06,28,9,0.0,12.6,5,94,05:28 PM,04:43 AM,05:47 AM,06:10 PM,13,19,19,18,10,17,73,19.9,1013,28,8,159,6,Florida
2017-08-07,28,10,0.0,12.6,5,100,06:15 PM,05:33 AM,05:47 AM,06:10 PM,14,21,21,20,11,17,71,16.9,1013,28,8,159,6,Florida
2017-08-08,27,10,0.0,12.6,5,100,07:01 PM,06:23 AM,05:47 AM,06:09 PM,14,20,20,19,11,17,74,27.3,1013,27,8,160,6,Florida
2017-08-09,27,9,0.0,12.6,5,84,07:47 PM,07:13 AM,05:47 AM,06:09 PM,12,18,18,17,10,15,73,22.0,1014,27,8,159,6,Florida
2017-08-10,27,9,0.0,12.6,5,77,08:32 PM,08:03 AM,05:47 AM,06:09 PM,13,18,18,18,8,22,74,16.4,1015,27,9,167,5,Florida
2017-08-11,27,9,0.0,12.6,5,69,09:19 PM,08:53 AM,05:47 AM,06:08 PM,14,19,19,18,7,23,77,28.6,1014,27,8,168,5,Florida
2017-08-12,25,9,0.0,12.6,5,62,10:05 PM,09:44 AM,05:47 AM,06:08 PM,14,17,18,17,5,43,85,44.1,1014,25,7,188,4,Florida
2017-08-13,27,9,0.0,12.6,5,55,10:53 PM,10:36 AM,05:47 AM,06:08 PM,14,18,18,18,9,20,78,23.0,1014,27,8,160,5,Florida
2017-08-14,28,9,0.0,12.6,5,47,11:45 PM,11:30 AM,05:47 AM,06:07 PM,13,19,19,18,10,14,70,6.4,1012,28,9,157,6,Florida
2017-08-15,28,9,0.0,12.6,5,40,No moonrise,12:26 PM,05:47 AM,06:07 PM,12,19,19,18,10,17,67,7.8,1012,28,9,159,6,Florida
2017-08-16,27,10,0.0,12.6,5,33,12:38 AM,01:25 PM,05:47 AM,06:07 PM,13,19,19,18,7,34,75,35.2,1013,27,8,169,5,Florida
2017-08-17,28,10,0.0,12.6,5,26,01:36 AM,02:24 PM,05:46 AM,06:06 PM,14,19,19,18,6,26,79,37.5,1012,28,7,200,4,Florida
2017-08-18,26,10,0.0,12.6,4,18,02:34 AM,03:24 PM,05:46 AM,06:06 PM,14,17,17,17,7,25,83,48.9,1012,26,6,177,4,Florida
2017-08-19,25,9,0.0,12.6,5,11,03:35 AM,04:22 PM,05:46 AM,06:05 PM,14,17,17,17,7,40,86,48.9,1012,25,6,196,4,Florida
2017-08-20,23,9,0.0,12.6,4,4,04:34 AM,05:19 PM,05:46 AM,06:05 PM,14,16,17,16,4,55,87,28.0,1013,23,8,174,2,Florida
2017-08-21,27,9,0.0,12.6,5,0,05:33 AM,06:11 PM,05:46 AM,06:05 PM,13,18,18,17,9,16,78,20.9,1015,27,8,163,5,Florida
2017-08-22,28,9,0.0,12.6,5,0,06:27 AM,07:01 PM,05:46 AM,06:04 PM,12,18,18,17,10,21,72,22.4,1014,28,8,162,5,Florida
2017-08-23,27,9,0.0,12.6,5,3,07:21 AM,07:48 PM,05:46 AM,06:04 PM,12,17,18,17,10,15,74,22.5,1012,27,8,163,6,Florida
2017-08-24,26,8,0.0,12.6,5,10,08:11 AM,08:32 PM,05:46 AM,06:03 PM,13,17,17,17,10,29,77,29.1,1013,26,8,159,5,Florida
