date_time,maxtempC,mintempC,totalSnow_cm,sunHour,uvIndex,moon_illumination,moonrise,moonset,sunrise,sunset,DewPointC,FeelsLikeC,HeatIndexC,WindChillC,WindGustKmph,cloudcover,humidity,precipMM,pressure,tempC,visibility,winddirDegree,windspeedKmph,location
2016-01-09,35,15,0.0,8.7,7,0,05:33 AM,05:38 PM,06:07 AM,05:49 PM,10,24,24,24,8,6,43,0.0,1012,35,10,111,5,Colombia-Norte_Santander-San_Cayetano
2016-01-10,34,18,0.0,8.7,7,0,06:27 AM,06:34 PM,06:07 AM,05:49 PM,14,25,25,25,6,15,55,0.1,1013,34,10,140,4,Colombia-Norte_Santander-San_Cayetano
2016-01-11,33,16,0.0,8.7,7,8,07:20 AM,07:30 PM,06:07 AM,05:50 PM,15,23,23,23,6,32,66,0.1,1014,33,10,113,4,Colombia-Norte_Santander-San_Cayetano
2016-01-12,34,16,0.0,8.7,7,15,08:12 AM,08:26 PM,06:08 AM,05:50 PM,15,25,25,24,6,13,62,0.0,1013,34,10,147,4,Colombia-Norte_Santander-San_Cayetano
2016-01-13,33,17,0.0,8.7,7,22,09:03 AM,09:21 PM,06:08 AM,05:51 PM,17,25,25,24,6,28,66,0.0,1013,33,10,99,4,Colombia-Norte_Santander-San_Cayetano
2016-01-14,33,19,0.0,8.7,7,29,09:53 AM,10:15 PM,06:08 AM,05:51 PM,17,25,25,24,6,25,69,0.1,1013,33,10,137,4,Colombia-Norte_Santander-San_Cayetano
2016-01-15,36,17,0.0,8.7,7,37,10:42 AM,11:10 PM,06:08 AM,05:51 PM,15,26,26,25,6,21,61,0.0,1012,36,9,122,4,Colombia-Norte_Santander-San_Cayetano
2016-01-16,38,18,0.0,8.7,7,44,11:31 AM,No moonset,06:09 AM,05:52 PM,10,26,26,26,8,2,42,0.0,1012,38,10,114,5,Colombia-Norte_Santander-San_Cayetano
2016-01-17,38,17,0.0,8.7,7,51,12:21 PM,12:05 AM,06:09 AM,05:52 PM,9,26,26,26,7,2,42,0.0,1013,38,10,141,5,Colombia-Norte_Santander-San_Cayetano
2016-01-18,39,18,0.0,8.7,8,59,01:13 PM,01:00 AM,06:09 AM,05:53 PM,13,26,26,26,6,6,50,0.0,1013,39,10,176,4,Colombia-Norte_Santander-San_Cayetano
2016-01-19,33,18,0.0,8.7,7,66,02:06 PM,01:56 AM,06:09 AM,05:53 PM,14,25,25,24,8,14,56,0.0,1014,33,10,258,5,Colombia-Norte_Santander-San_Cayetano
2016-01-20,33,16,0.0,8.7,6,73,03:00 PM,02:52 AM,06:09 AM,05:54 PM,15,23,23,22,7,20,67,0.1,1013,33,9,232,5,Colombia-Norte_Santander-San_Cayetano
2016-01-21,33,18,0.0,8.7,7,80,03:56 PM,03:49 AM,06:09 AM,05:54 PM,18,26,26,25,6,26,69,0.0,1013,33,10,170,4,Colombia-Norte_Santander-San_Cayetano
2016-01-22,35,19,0.0,8.7,7,88,04:50 PM,04:43 AM,06:10 AM,05:54 PM,16,27,27,26,7,20,60,0.0,1012,35,10,150,4,Colombia-Norte_Santander-San_Cayetano
2016-01-23,41,20,0.0,8.7,8,95,05:44 PM,05:36 AM,06:10 AM,05:55 PM,14,29,29,28,8,8,47,0.0,1012,41,10,125,5,Colombia-Norte_Santander-San_Cayetano
2016-01-24,37,18,0.0,8.7,7,100,06:35 PM,06:26 AM,06:10 AM,05:55 PM,14,27,27,26,7,10,51,0.0,1012,37,10,161,5,Colombia-Norte_Santander-San_Cayetano
2016-01-25,37,19,0.0,8.7,7,100,07:25 PM,07:13 AM,06:10 AM,05:56 PM,16,27,27,26,6,23,57,0.0,1014,37,10,182,4,Colombia-Norte_Santander-San_Cayetano
2016-01-26,35,18,0.0,8.7,7,83,08:13 PM,07:58 AM,06:10 AM,05:56 PM,15,25,25,25,6,18,58,0.0,1014,35,10,125,4,Colombia-Norte_Santander-San_Cayetano
2016-01-27,38,20,0.0,8.7,8,76,08:59 PM,08:40 AM,06:10 AM,05:56 PM,12,28,28,27,10,5,45,0.0,1013,38,10,150,6,Colombia-Norte_Santander-San_Cayetano
2016-01-28,41,19,0.0,8.7,8,69,09:44 PM,09:21 AM,06:10 AM,05:57 PM,12,26,26,26,8,6,43,0.0,1012,41,10,122,5,Colombia-Norte_Santander-San_Cayetano
2016-01-29,38,15,0.0,8.7,7,61,10:28 PM,10:01 AM,06:10 AM,05:57 PM,10,24,24,25,8,5,43,0.0,1012,38,10,131,5,Colombia-Norte_Santander-San_Cayetano
2016-01-30,34,16,0.0,8.7,7,54,11:13 PM,10:42 AM,06:10 AM,05:57 PM,10,23,23,23,7,15,45,0.0,1013,34,10,134,5,Colombia-Norte_Santander-San_Cayetano
2016-01-31,34,14,0.0,8.7,7,50,11:59 PM,11:23 AM,06:10 AM,05:58 PM,14,23,23,23,7,20,64,0.1,1013,34,10,135,5,Colombia-Norte_Santander-San_Cayetano
2016-02-01,38,17,0.0,8.7,7,34,No moonrise,12:06 PM,06:10 AM,05:58 PM,12,25,25,25,8,6,49,0.0,1012,38,10,123,4,Colombia-Norte_Santander-San_Cayetano
2016-02-02,37,18,0.0,8.7,7,26,12:46 AM,12:51 PM,06:10 AM,05:58 PM,11,25,25,25,8,5,43,0.0,1012,37,10,136,5,Colombia-Norte_Santander-San_Cayetano
2016-02-03,35,18,0.0,8.7,6,18,01:36 AM,01:39 PM,06:10 AM,05:59 PM,13,25,25,24,8,12,53,0.3,1012,35,10,124,5,Colombia-Norte_Santander-San_Cayetano
2016-02-04,35,16,0.0,8.7,6,11,02:26 AM,02:30 PM,06:10 AM,05:59 PM,15,25,25,24,6,13,60,0.4,1012,35,10,124,4,Colombia-Norte_Santander-San_Cayetano
2016-02-05,34,16,0.0,8.7,6,3,03:19 AM,03:24 PM,06:10 AM,05:59 PM,15,23,23,23,7,18,66,0.5,1013,34,10,213,4,Colombia-Norte_Santander-San_Cayetano
2016-02-06,38,18,0.0,8.7,7,0,04:13 AM,04:19 PM,06:10 AM,05:59 PM,13,26,26,25,8,9,50,0.0,1013,38,10,148,5,Colombia-Norte_Santander-San_Cayetano
2016-02-07,37,19,0.0,11.6,7,0,05:07 AM,05:16 PM,06:10 AM,06:00 PM,14,27,27,26,9,23,50,0.4,1012,37,10,157,5,Colombia-Norte_Santander-San_Cayetano
2016-02-08,36,18,0.0,11.6,6,0,06:01 AM,06:13 PM,06:10 AM,06:00 PM,15,27,27,26,10,20,51,2.5,1012,36,10,172,7,Colombia-Norte_Santander-San_Cayetano
2016-02-09,38,20,0.0,11.6,8,4,06:53 AM,07:11 PM,06:09 AM,06:00 PM,13,28,28,27,10,10,43,0.1,1013,38,10,166,7,Colombia-Norte_Santander-San_Cayetano
2016-02-10,37,20,0.0,11.6,8,12,07:46 AM,08:07 PM,06:09 AM,06:00 PM,13,28,28,27,10,9,44,0.3,1013,37,10,168,7,Colombia-Norte_Santander-San_Cayetano
2016-02-11,40,19,0.0,11.6,8,19,08:36 AM,09:04 PM,06:09 AM,06:00 PM,12,27,27,27,8,9,42,0.0,1013,40,10,153,5,Colombia-Norte_Santander-San_Cayetano
2016-02-12,36,19,0.0,11.6,7,27,09:28 AM,10:00 PM,06:09 AM,06:01 PM,13,26,26,25,7,27,49,0.4,1013,36,10,145,5,Colombia-Norte_Santander-San_Cayetano
2016-02-13,37,18,0.0,11.6,7,34,10:18 AM,10:56 PM,06:09 AM,06:01 PM,15,27,27,26,7,35,52,1.0,1012,37,9,143,5,Colombia-Norte_Santander-San_Cayetano
2016-02-14,37,21,0.0,11.6,6,42,11:10 AM,11:52 PM,06:09 AM,06:01 PM,15,28,28,27,8,31,50,0.8,1010,37,9,155,6,Colombia-Norte_Santander-San_Cayetano
2016-02-15,38,21,0.0,11.6,7,49,12:03 PM,No moonset,06:08 AM,06:01 PM,14,28,28,27,8,17,47,0.1,1010,38,10,162,5,Colombia-Norte_Santander-San_Cayetano
2016-02-16,37,18,0.0,11.6,8,57,12:56 PM,12:48 AM,06:08 AM,06:01 PM,15,28,28,27,10,19,51,0.3,1009,37,10,163,7,Colombia-Norte_Santander-San_Cayetano
2016-02-17,38,19,0.0,11.6,8,64,01:51 PM,01:44 AM,06:08 AM,06:01 PM,15,29,29,28,8,16,51,0.2,1011,38,10,153,5,Colombia-Norte_Santander-San_Cayetano
2016-02-18,37,21,0.0,11.6,8,72,02:44 PM,02:38 AM,06:08 AM,06:01 PM,16,29,29,28,7,23,51,0.0,1011,37,10,149,5,Colombia-Norte_Santander-San_Cayetano
2016-02-19,35,17,0.0,11.6,7,79,03:37 PM,03:30 AM,06:07 AM,06:01 PM,16,26,26,25,6,27,59,0.0,1011,35,10,155,4,Colombia-Norte_Santander-San_Cayetano
2016-02-20,35,18,0.0,11.6,6,87,04:28 PM,04:20 AM,06:07 AM,06:02 PM,17,25,25,24,6,33,67,4.1,1010,35,9,203,4,Colombia-Norte_Santander-San_Cayetano
2016-02-21,34,18,0.0,11.6,6,95,05:19 PM,05:08 AM,06:07 AM,06:02 PM,17,26,26,24,4,44,67,5.1,1010,34,8,137,3,Colombia-Norte_Santander-San_Cayetano
2016-02-22,34,19,0.0,11.6,6,100,06:06 PM,05:53 AM,06:06 AM,06:02 PM,17,26,26,25,4,31,66,5.2,1010,34,9,174,3,Colombia-Norte_Santander-San_Cayetano
2016-02-23,39,17,0.0,11.6,8,100,06:53 PM,06:36 AM,06:06 AM,06:02 PM,16,28,28,27,6,22,56,0.3,1011,39,10,136,4,Colombia-Norte_Santander-San_Cayetano
2016-02-24,39,20,0.0,11.6,8,83,07:39 PM,07:17 AM,06:06 AM,06:02 PM,16,29,29,28,8,14,52,0.1,1011,39,10,138,5,Colombia-Norte_Santander-San_Cayetano
2016-02-25,37,19,0.0,11.6,6,75,08:23 PM,07:58 AM,06:05 AM,06:02 PM,17,28,28,26,6,21,60,2.2,1012,37,9,157,4,Colombia-Norte_Santander-San_Cayetano
2016-02-26,32,20,0.0,11.6,6,68,09:08 PM,08:38 AM,06:05 AM,06:02 PM,18,26,26,24,7,36,68,2.7,1012,32,9,121,5,Colombia-Norte_Santander-San_Cayetano
2016-02-27,33,19,0.0,11.6,6,60,09:53 PM,09:20 AM,06:05 AM,06:02 PM,16,25,25,24,6,46,63,0.1,1011,33,10,179,4,Colombia-Norte_Santander-San_Cayetano
2016-02-28,35,19,0.0,11.6,7,53,10:39 PM,10:01 AM,06:04 AM,06:02 PM,17,26,26,25,6,26,65,0.3,1012,35,10,134,4,Colombia-Norte_Santander-San_Cayetano
2016-02-29,36,18,0.0,11.6,6,45,11:27 PM,10:45 AM,06:04 AM,06:02 PM,17,26,26,25,7,16,62,3.1,1012,36,10,129,5,Colombia-Norte_Santander-San_Cayetano
2016-03-01,35,19,0.0,11.6,6,43,No moonrise,11:31 AM,06:03 AM,06:02 PM,17,27,27,25,8,30,66,4.1,1013,35,10,130,5,Colombia-Norte_Santander-San_Cayetano
2016-03-02,36,19,0.0,11.6,7,36,12:16 AM,12:19 PM,06:03 AM,06:02 PM,17,27,27,26,6,29,62,0.0,1013,36,10,146,4,Colombia-Norte_Santander-San_Cayetano
2016-03-03,35,17,0.0,11.6,6,29,01:07 AM,01:10 PM,06:03 AM,06:02 PM,18,27,27,25,4,38,66,2.4,1011,35,10,161,3,Colombia-Norte_Santander-San_Cayetano
2016-03-04,35,19,0.0,11.6,6,22,01:59 AM,02:03 PM,06:02 AM,06:02 PM,17,27,27,26,7,18,62,0.9,1012,35,10,209,5,Colombia-Norte_Santander-San_Cayetano
2016-03-05,36,19,0.0,11.6,7,14,02:52 AM,02:58 PM,06:02 AM,06:02 PM,18,28,28,27,7,19,62,0.8,1012,36,10,234,5,Colombia-Norte_Santander-San_Cayetano
2016-03-06,35,20,0.0,11.6,6,7,03:45 AM,03:55 PM,06:01 AM,06:02 PM,18,27,27,26,7,26,65,1.3,1014,35,10,177,5,Colombia-Norte_Santander-San_Cayetano
2016-03-07,33,18,0.0,11.6,6,0,04:38 AM,04:53 PM,06:01 AM,06:02 PM,17,25,25,24,7,21,68,0.9,1014,33,10,111,5,Colombia-Norte_Santander-San_Cayetano
2016-03-08,33,18,0.0,12.0,7,0,05:31 AM,05:51 PM,06:00 AM,06:02 PM,17,25,25,24,7,28,68,0.1,1014,33,10,176,5,Colombia-Norte_Santander-San_Cayetano
2016-03-09,34,17,0.0,12.0,7,0,06:23 AM,06:49 PM,06:00 AM,06:02 PM,16,25,25,24,7,34,62,0.0,1013,34,10,241,5,Colombia-Norte_Santander-San_Cayetano
2016-03-10,33,17,0.0,12.4,7,7,07:16 AM,07:47 PM,05:59 AM,06:02 PM,17,24,24,23,6,33,71,0.3,1014,33,10,201,5,Colombia-Norte_Santander-San_Cayetano
2016-03-11,32,17,0.0,12.4,6,14,08:09 AM,08:45 PM,05:59 AM,06:02 PM,17,24,24,23,6,46,73,0.3,1014,32,10,161,5,Colombia-Norte_Santander-San_Cayetano
2016-03-12,32,18,0.0,12.4,6,22,09:03 AM,09:44 PM,05:59 AM,06:02 PM,17,24,24,23,7,41,70,0.3,1013,32,10,160,5,Colombia-Norte_Santander-San_Cayetano
2016-03-13,36,18,0.0,12.4,7,29,09:57 AM,10:42 PM,05:58 AM,06:02 PM,16,26,26,25,6,26,63,0.2,1013,36,9,144,4,Colombia-Norte_Santander-San_Cayetano
2016-03-14,36,18,0.0,12.4,7,36,10:52 AM,11:39 PM,05:58 AM,06:02 PM,16,27,27,26,6,19,56,0.4,1013,36,10,131,4,Colombia-Norte_Santander-San_Cayetano
2016-03-15,36,19,0.0,12.5,6,44,11:47 AM,No moonset,05:57 AM,06:02 PM,16,27,27,26,5,20,56,0.3,1012,36,10,114,4,Colombia-Norte_Santander-San_Cayetano
2016-03-16,37,20,0.0,12.5,7,51,12:41 PM,12:34 AM,05:57 AM,06:02 PM,18,29,29,27,5,33,59,1.3,1011,37,9,128,3,Colombia-Norte_Santander-San_Cayetano
2016-03-17,35,20,0.0,12.5,6,58,01:34 PM,01:28 AM,05:56 AM,06:01 PM,18,28,28,27,5,35,64,2.1,1012,35,9,197,4,Colombia-Norte_Santander-San_Cayetano
2016-03-18,35,21,0.0,12.5,6,65,02:25 PM,02:17 AM,05:56 AM,06:01 PM,17,29,29,27,5,28,58,1.3,1012,35,9,135,3,Colombia-Norte_Santander-San_Cayetano
2016-03-19,38,23,0.0,12.5,8,73,03:15 PM,03:05 AM,05:55 AM,06:01 PM,16,30,30,28,9,23,49,0.0,1011,38,10,160,6,Colombia-Norte_Santander-San_Cayetano
2016-03-20,38,23,0.0,12.5,8,80,04:03 PM,03:51 AM,05:55 AM,06:01 PM,15,30,30,29,9,18,45,0.0,1012,38,10,154,6,Colombia-Norte_Santander-San_Cayetano
2016-03-21,38,23,0.0,12.5,8,87,04:49 PM,04:33 AM,05:54 AM,06:01 PM,15,29,29,28,9,12,45,0.3,1013,38,10,159,6,Colombia-Norte_Santander-San_Cayetano
2016-03-22,37,21,0.0,12.5,7,94,05:35 PM,05:15 AM,05:54 AM,06:01 PM,17,29,29,28,7,13,56,1.7,1013,37,10,148,4,Colombia-Norte_Santander-San_Cayetano
2016-03-23,38,21,0.0,12.5,7,100,06:20 PM,05:56 AM,05:53 AM,06:01 PM,15,28,28,27,8,8,49,0.0,1013,38,10,128,5,Colombia-Norte_Santander-San_Cayetano
2016-03-24,39,20,0.0,12.5,8,100,07:05 PM,06:36 AM,05:53 AM,06:01 PM,13,28,28,27,9,8,45,0.0,1011,39,10,134,5,Colombia-Norte_Santander-San_Cayetano
2016-03-25,40,20,0.0,12.5,8,84,07:50 PM,07:17 AM,05:52 AM,06:01 PM,12,28,28,28,10,5,41,0.0,1011,40,10,152,6,Colombia-Norte_Santander-San_Cayetano
2016-03-26,39,21,0.0,12.5,8,76,08:35 PM,07:59 AM,05:52 AM,06:01 PM,14,29,29,28,8,12,45,0.0,1012,39,10,137,5,Colombia-Norte_Santander-San_Cayetano
2016-03-27,38,21,0.0,12.5,7,69,09:23 PM,08:42 AM,05:51 AM,06:01 PM,15,29,29,27,6,14,51,0.6,1013,38,10,133,4,Colombia-Norte_Santander-San_Cayetano
2016-03-28,37,20,0.0,12.5,6,62,10:10 PM,09:27 AM,05:50 AM,06:01 PM,16,28,28,27,7,20,54,1.0,1013,37,10,142,5,Colombia-Norte_Santander-San_Cayetano
2016-03-29,38,20,0.0,12.5,7,55,11:00 PM,10:13 AM,05:50 AM,06:01 PM,16,29,29,28,7,22,52,1.8,1012,38,9,159,5,Colombia-Norte_Santander-San_Cayetano
2016-03-30,39,21,0.0,12.5,7,47,11:50 PM,11:02 AM,05:49 AM,06:00 PM,18,30,30,28,5,41,60,3.9,1012,39,9,99,3,Colombia-Norte_Santander-San_Cayetano
2016-03-31,36,20,0.0,12.5,7,43,No moonrise,11:53 AM,05:49 AM,06:00 PM,17,29,29,27,5,30,58,1.0,1013,36,10,111,3,Colombia-Norte_Santander-San_Cayetano
2016-04-01,38,19,0.0,12.5,7,26,12:40 AM,12:45 PM,05:48 AM,06:00 PM,16,29,29,27,6,20,55,1.0,1013,38,10,149,4,Colombia-Norte_Santander-San_Cayetano
2016-04-02,33,18,0.0,12.5,6,19,01:32 AM,01:40 PM,05:48 AM,06:00 PM,16,27,27,26,5,21,59,1.1,1013,33,10,147,4,Colombia-Norte_Santander-San_Cayetano
2016-04-03,33,19,0.0,12.5,6,11,02:23 AM,02:35 PM,05:47 AM,06:00 PM,18,26,26,25,6,25,69,4.1,1013,33,10,134,5,Colombia-Norte_Santander-San_Cayetano
2016-04-04,35,20,0.0,12.5,6,4,03:15 AM,03:32 PM,05:47 AM,06:00 PM,17,27,27,25,5,29,61,3.1,1014,35,9,169,4,Colombia-Norte_Santander-San_Cayetano
2016-04-05,36,20,0.0,12.5,6,0,04:07 AM,04:29 PM,05:46 AM,06:00 PM,18,27,27,26,5,34,65,2.9,1013,36,9,100,4,Colombia-Norte_Santander-San_Cayetano
2016-04-06,37,19,0.0,12.5,6,0,05:00 AM,05:28 PM,05:46 AM,06:00 PM,18,27,27,25,4,39,66,2.0,1012,37,9,128,2,Colombia-Norte_Santander-San_Cayetano
2016-04-07,36,20,0.0,12.6,6,0,05:53 AM,06:27 PM,05:45 AM,06:00 PM,18,27,27,26,5,28,65,0.4,1011,36,10,122,3,Colombia-Norte_Santander-San_Cayetano
2016-04-08,37,19,0.0,12.6,8,3,06:47 AM,07:27 PM,05:45 AM,06:00 PM,17,28,28,27,5,24,61,0.6,1011,37,10,142,3,Colombia-Norte_Santander-San_Cayetano
2016-04-09,34,20,0.0,12.6,6,11,07:43 AM,08:27 PM,05:44 AM,06:00 PM,19,27,27,25,4,36,71,3.6,1011,34,10,95,3,Colombia-Norte_Santander-San_Cayetano
2016-04-10,34,21,0.0,12.6,6,19,08:40 AM,09:28 PM,05:44 AM,06:00 PM,19,27,27,25,6,33,70,11.2,1011,34,9,213,4,Colombia-Norte_Santander-San_Cayetano
2016-04-11,32,18,0.0,12.6,6,26,09:37 AM,10:26 PM,05:44 AM,06:00 PM,18,24,24,23,7,34,72,0.6,1012,32,10,196,5,Colombia-Norte_Santander-San_Cayetano
2016-04-12,33,20,0.0,12.6,6,34,10:33 AM,11:22 PM,05:43 AM,06:00 PM,19,28,28,26,6,38,68,1.8,1012,33,9,219,5,Colombia-Norte_Santander-San_Cayetano
2016-04-13,30,18,0.0,11.8,6,41,11:29 AM,No moonset,05:43 AM,06:00 PM,16,25,25,24,7,53,66,2.1,1012,30,9,130,5,Colombia-Norte_Santander-San_Cayetano
2016-04-14,30,20,0.0,11.8,6,49,12:21 PM,12:14 AM,05:42 AM,06:00 PM,17,25,25,24,7,54,66,1.7,1012,30,10,148,5,Colombia-Norte_Santander-San_Cayetano
2016-04-15,31,19,0.0,8.8,6,56,01:12 PM,01:03 AM,05:42 AM,05:59 PM,16,26,26,24,7,51,64,0.6,1012,31,10,153,5,Colombia-Norte_Santander-San_Cayetano
2016-04-16,30,19,0.0,6.1,6,64,02:01 PM,01:50 AM,05:41 AM,05:59 PM,16,25,25,24,7,64,63,2.0,1012,30,9,143,5,Colombia-Norte_Santander-San_Cayetano
2016-04-17,32,19,0.0,8.8,6,71,02:47 PM,02:33 AM,05:41 AM,05:59 PM,16,26,26,25,7,48,62,1.1,1012,32,10,138,5,Colombia-Norte_Santander-San_Cayetano
2016-04-18,31,20,0.0,7.5,6,79,03:33 PM,03:15 AM,05:40 AM,05:59 PM,16,26,26,25,8,58,62,1.4,1012,31,10,145,6,Colombia-Norte_Santander-San_Cayetano
2016-04-19,29,20,0.0,7.5,6,87,04:17 PM,03:56 AM,05:40 AM,05:59 PM,16,25,25,24,9,65,63,1.3,1012,29,10,153,7,Colombia-Norte_Santander-San_Cayetano
2016-04-20,30,20,0.0,8.8,6,94,05:02 PM,04:36 AM,05:40 AM,05:59 PM,16,26,26,24,8,50,61,1.5,1012,30,10,141,6,Colombia-Norte_Santander-San_Cayetano
2016-04-21,39,21,0.0,11.6,7,100,05:47 PM,05:16 AM,05:39 AM,05:59 PM,17,29,29,27,6,23,55,3.1,1010,39,10,124,4,Colombia-Norte_Santander-San_Cayetano
2016-04-22,27,18,0.0,10.2,5,100,06:33 PM,05:57 AM,05:39 AM,05:59 PM,18,23,23,22,13,45,79,19.3,1012,27,9,167,7,Colombia-Norte_Santander-San_Cayetano
2016-04-23,36,20,0.0,11.6,6,83,07:20 PM,06:40 AM,05:38 AM,05:59 PM,16,27,27,26,9,28,59,1.9,1011,36,10,148,6,Colombia-Norte_Santander-San_Cayetano
2016-04-24,34,19,0.0,11.6,6,76,08:07 PM,07:24 AM,05:38 AM,05:59 PM,17,27,27,25,7,35,63,10.7,1012,34,8,146,5,Colombia-Norte_Santander-San_Cayetano
2016-04-25,35,17,0.0,11.6,6,68,08:56 PM,08:10 AM,05:38 AM,05:59 PM,18,26,26,25,6,26,68,10.1,1010,35,9,139,4,Colombia-Norte_Santander-San_Cayetano
2016-04-26,39,19,0.0,12.6,7,61,09:46 PM,08:58 AM,05:37 AM,06:00 PM,18,28,28,26,5,20,65,2.5,1009,39,10,145,4,Colombia-Norte_Santander-San_Cayetano
2016-04-27,38,20,0.0,12.6,6,53,10:35 PM,09:48 AM,05:37 AM,06:00 PM,19,28,28,26,5,18,71,13.0,1010,38,9,109,3,Colombia-Norte_Santander-San_Cayetano
2016-04-28,36,19,0.0,12.6,6,46,11:26 PM,10:39 AM,05:37 AM,06:00 PM,18,28,28,26,6,27,65,7.3,1012,36,9,127,4,Colombia-Norte_Santander-San_Cayetano
2016-04-29,35,20,0.0,12.6,6,38,No moonrise,11:31 AM,05:36 AM,06:00 PM,19,27,27,25,7,26,70,10.2,1011,35,9,115,5,Colombia-Norte_Santander-San_Cayetano
2016-04-30,36,18,0.0,12.6,6,30,12:15 AM,12:24 PM,05:36 AM,06:00 PM,17,27,27,26,9,36,64,17.4,1010,36,9,155,5,Colombia-Norte_Santander-San_Cayetano
2016-05-01,34,18,0.0,10.5,6,29,01:05 AM,01:19 PM,05:36 AM,06:00 PM,18,25,25,24,7,67,70,15.4,1012,34,9,159,5,Colombia-Norte_Santander-San_Cayetano
2016-05-02,32,20,0.0,12.7,6,22,01:55 AM,02:13 PM,05:35 AM,06:00 PM,18,25,25,24,8,60,70,11.5,1013,32,9,180,5,Colombia-Norte_Santander-San_Cayetano
2016-05-03,34,20,0.0,12.7,6,15,02:46 AM,03:10 PM,05:35 AM,06:00 PM,17,27,27,25,8,35,63,3.6,1013,34,9,156,6,Colombia-Norte_Santander-San_Cayetano
2016-05-04,34,17,0.0,12.7,6,8,03:37 AM,04:08 PM,05:35 AM,06:00 PM,15,26,26,25,8,22,58,3.8,1013,34,9,155,5,Colombia-Norte_Santander-San_Cayetano
2016-05-05,37,19,0.0,12.7,8,0,04:30 AM,05:07 PM,05:35 AM,06:00 PM,15,28,28,27,10,16,50,0.4,1011,37,10,152,6,Colombia-Norte_Santander-San_Cayetano
2016-05-06,36,21,0.0,12.7,7,0,05:25 AM,06:07 PM,05:34 AM,06:00 PM,16,28,28,27,9,18,54,0.5,1012,36,10,150,6,Colombia-Norte_Santander-San_Cayetano
2016-05-07,35,19,0.0,12.7,6,0,06:22 AM,07:09 PM,05:34 AM,06:00 PM,18,27,27,25,7,26,65,9.8,1013,35,9,109,4,Colombia-Norte_Santander-San_Cayetano
2016-05-08,35,18,0.0,12.7,6,7,07:20 AM,08:10 PM,05:34 AM,06:00 PM,18,25,25,24,6,21,71,12.6,1013,35,9,113,4,Colombia-Norte_Santander-San_Cayetano
2016-05-09,34,18,0.0,12.7,6,14,08:19 AM,09:09 PM,05:34 AM,06:01 PM,19,26,26,24,7,31,74,12.6,1013,34,8,154,5,Colombia-Norte_Santander-San_Cayetano
2016-05-10,29,20,0.0,12.7,5,21,09:17 AM,10:05 PM,05:33 AM,06:01 PM,18,24,24,23,4,41,75,7.4,1014,29,9,237,3,Colombia-Norte_Santander-San_Cayetano
2016-05-11,37,18,0.0,12.7,7,29,10:13 AM,10:57 PM,05:33 AM,06:01 PM,17,26,26,25,4,24,63,0.3,1014,37,10,154,3,Colombia-Norte_Santander-San_Cayetano
2016-05-12,38,18,0.0,12.7,6,36,11:06 AM,11:46 PM,05:33 AM,06:01 PM,17,28,28,26,7,18,58,0.7,1014,38,10,136,4,Colombia-Norte_Santander-San_Cayetano
2016-05-13,36,20,0.0,12.7,7,43,11:57 AM,No moonset,05:33 AM,06:01 PM,16,28,28,26,10,26,54,0.4,1013,36,10,155,7,Colombia-Norte_Santander-San_Cayetano
2016-05-14,37,21,0.0,12.7,8,50,12:44 PM,12:31 AM,05:33 AM,06:01 PM,15,28,28,27,11,29,49,0.2,1012,37,10,154,8,Colombia-Norte_Santander-San_Cayetano
2016-05-15,38,21,0.0,12.7,8,58,01:31 PM,01:14 AM,05:33 AM,06:01 PM,15,29,29,27,11,28,49,0.0,1013,38,10,154,8,Colombia-Norte_Santander-San_Cayetano
2016-05-16,35,20,0.0,12.7,6,65,02:15 PM,01:55 AM,05:33 AM,06:02 PM,14,27,27,27,13,18,48,1.0,1013,35,10,166,9,Colombia-Norte_Santander-San_Cayetano
2016-05-17,36,21,0.0,12.7,7,72,03:00 PM,02:35 AM,05:32 AM,06:02 PM,14,29,29,28,10,18,46,1.9,1013,36,10,165,7,Colombia-Norte_Santander-San_Cayetano
2016-05-18,27,23,0.0,12.7,6,80,03:45 PM,03:16 AM,05:32 AM,06:02 PM,16,26,26,25,8,22,56,3.2,1013,27,9,166,5,Colombia-Norte_Santander-San_Cayetano
2016-05-19,31,20,0.0,11.9,6,87,04:30 PM,03:56 AM,05:32 AM,06:02 PM,16,26,26,25,11,51,62,0.7,1012,31,10,141,7,Colombia-Norte_Santander-San_Cayetano
2016-05-20,31,20,0.0,11.9,6,94,05:17 PM,04:38 AM,05:32 AM,06:02 PM,16,26,26,25,10,50,60,0.6,1012,31,10,145,7,Colombia-Norte_Santander-San_Cayetano
2016-05-21,31,20,0.0,10.6,6,100,06:04 PM,05:22 AM,05:32 AM,06:03 PM,16,26,26,25,10,51,58,1.5,1012,31,10,141,6,Colombia-Norte_Santander-San_Cayetano
2016-05-22,37,19,0.0,12.7,7,100,06:53 PM,06:07 AM,05:32 AM,06:03 PM,16,28,28,27,13,27,53,8.6,1012,37,9,163,9,Colombia-Norte_Santander-San_Cayetano
2016-05-23,37,20,0.0,12.7,8,84,07:43 PM,06:55 AM,05:32 AM,06:03 PM,16,29,29,27,13,21,53,6.1,1012,37,10,162,9,Colombia-Norte_Santander-San_Cayetano
2016-05-24,36,22,0.0,12.7,7,77,08:33 PM,07:45 AM,05:32 AM,06:03 PM,17,30,30,28,10,26,52,0.8,1014,36,10,154,7,Colombia-Norte_Santander-San_Cayetano
2016-05-25,37,21,0.0,12.7,6,70,09:23 PM,08:35 AM,05:32 AM,06:03 PM,16,29,29,27,9,33,53,1.9,1014,37,10,144,6,Colombia-Norte_Santander-San_Cayetano
2016-05-26,24,20,0.0,12.7,6,62,10:13 PM,09:28 AM,05:32 AM,06:04 PM,17,24,24,23,8,41,72,1.4,1014,24,10,164,4,Colombia-Norte_Santander-San_Cayetano
2016-05-27,33,19,0.0,12.7,6,55,11:02 PM,10:20 AM,05:32 AM,06:04 PM,16,27,27,26,11,40,55,11.9,1012,33,9,160,8,Colombia-Norte_Santander-San_Cayetano
2016-05-28,33,21,0.0,12.7,6,48,11:51 PM,11:13 AM,05:32 AM,06:04 PM,16,28,28,27,12,38,51,11.5,1013,33,8,164,8,Colombia-Norte_Santander-San_Cayetano
2016-05-29,34,19,0.0,12.7,6,40,No moonrise,12:06 PM,05:32 AM,06:04 PM,17,26,26,25,6,48,62,3.4,1014,34,7,101,4,Colombia-Norte_Santander-San_Cayetano
2016-05-30,38,20,0.0,12.7,6,33,12:39 AM,12:59 PM,05:32 AM,06:05 PM,17,29,29,27,6,39,55,1.6,1013,38,10,156,4,Colombia-Norte_Santander-San_Cayetano
2016-05-31,30,20,0.0,11.9,6,29,01:28 AM,01:55 PM,05:32 AM,06:05 PM,16,26,26,25,11,50,58,0.9,1013,30,10,153,7,Colombia-Norte_Santander-San_Cayetano
2016-06-01,36,19,0.0,12.7,6,12,02:18 AM,02:51 PM,05:32 AM,06:05 PM,15,27,27,26,11,38,52,0.9,1013,36,10,154,8,Colombia-Norte_Santander-San_Cayetano
2016-06-02,32,17,0.0,12.7,6,4,03:11 AM,03:50 PM,05:32 AM,06:05 PM,15,24,24,23,10,48,65,5.2,1013,32,8,155,7,Colombia-Norte_Santander-San_Cayetano
2016-06-03,35,19,0.0,12.7,6,0,04:05 AM,04:50 PM,05:32 AM,06:06 PM,14,27,27,26,11,22,49,0.3,1014,35,10,164,8,Colombia-Norte_Santander-San_Cayetano
2016-06-04,37,20,0.0,12.7,8,0,05:02 AM,05:51 PM,05:32 AM,06:06 PM,12,27,27,27,11,13,43,0.0,1013,37,10,156,7,Colombia-Norte_Santander-San_Cayetano
2016-06-05,36,22,0.0,12.7,7,0,06:01 AM,06:51 PM,05:33 AM,06:06 PM,13,28,28,27,13,5,44,0.0,1012,36,10,160,9,Colombia-Norte_Santander-San_Cayetano
2016-06-06,38,19,0.0,12.7,7,3,07:00 AM,07:50 PM,05:33 AM,06:06 PM,15,28,28,27,10,17,49,0.4,1013,38,10,145,6,Colombia-Norte_Santander-San_Cayetano
2016-06-07,35,20,0.0,12.7,6,11,07:58 AM,08:45 PM,05:33 AM,06:07 PM,15,27,27,25,8,43,55,1.9,1015,35,9,140,6,Colombia-Norte_Santander-San_Cayetano
2016-06-08,37,22,0.0,12.7,7,18,08:54 AM,09:38 PM,05:33 AM,06:07 PM,14,28,28,27,11,31,48,0.7,1014,37,9,155,7,Colombia-Norte_Santander-San_Cayetano
2016-06-09,31,21,0.0,12.7,6,26,09:48 AM,10:25 PM,05:33 AM,06:07 PM,15,27,27,26,11,33,52,3.5,1015,31,10,160,7,Colombia-Norte_Santander-San_Cayetano
2016-06-10,25,20,0.0,12.7,6,33,10:38 AM,11:10 PM,05:33 AM,06:07 PM,14,24,24,23,13,20,57,0.0,1016,25,10,175,7,Colombia-Norte_Santander-San_Cayetano
2016-06-11,35,20,0.0,12.7,6,41,11:26 AM,11:53 PM,05:33 AM,06:07 PM,14,26,26,25,12,19,50,1.0,1016,35,10,158,8,Colombia-Norte_Santander-San_Cayetano
2016-06-12,35,20,0.0,12.8,7,48,12:11 PM,No moonset,05:33 AM,06:08 PM,14,27,27,26,11,29,50,0.0,1016,35,10,153,7,Colombia-Norte_Santander-San_Cayetano
2016-06-13,34,19,0.0,12.7,7,56,12:57 PM,12:33 AM,05:34 AM,06:08 PM,14,26,26,25,13,23,51,0.4,1015,34,10,159,10,Colombia-Norte_Santander-San_Cayetano
2016-06-14,33,19,0.0,12.7,6,63,01:41 PM,01:14 AM,05:34 AM,06:08 PM,15,25,25,24,15,44,58,6.0,1015,33,8,154,10,Colombia-Norte_Santander-San_Cayetano
2016-06-15,23,21,0.0,12.7,5,71,02:26 PM,01:54 AM,05:34 AM,06:08 PM,15,24,24,22,13,30,62,1.3,1015,23,9,167,7,Colombia-Norte_Santander-San_Cayetano
2016-06-16,31,20,0.0,11.9,6,79,03:12 PM,02:35 AM,05:34 AM,06:09 PM,14,26,26,25,13,39,55,0.2,1013,31,10,150,9,Colombia-Norte_Santander-San_Cayetano
2016-06-17,35,19,0.0,12.8,7,86,03:59 PM,03:19 AM,05:34 AM,06:09 PM,13,26,26,26,11,12,48,0.2,1014,35,10,157,7,Colombia-Norte_Santander-San_Cayetano
2016-06-18,35,19,0.0,12.7,6,94,04:48 PM,04:03 AM,05:35 AM,06:09 PM,14,26,26,25,11,28,50,0.5,1013,35,10,159,7,Colombia-Norte_Santander-San_Cayetano
2016-06-19,34,18,0.0,12.7,6,100,05:38 PM,04:51 AM,05:35 AM,06:09 PM,13,26,26,25,10,28,50,3.9,1013,34,9,160,7,Colombia-Norte_Santander-San_Cayetano
2016-06-20,34,20,0.0,12.8,6,100,06:29 PM,05:40 AM,05:35 AM,06:10 PM,15,28,28,27,11,29,51,1.2,1014,34,10,157,8,Colombia-Norte_Santander-San_Cayetano
2016-06-21,35,17,0.0,12.8,6,84,07:20 PM,06:31 AM,05:35 AM,06:10 PM,15,27,27,26,9,32,54,2.3,1014,35,8,156,6,Colombia-Norte_Santander-San_Cayetano
2016-06-22,36,21,0.0,12.8,6,76,08:10 PM,07:24 AM,05:35 AM,06:10 PM,14,28,28,26,11,33,49,0.6,1014,36,10,152,8,Colombia-Norte_Santander-San_Cayetano
2016-06-23,37,21,0.0,12.7,7,69,09:00 PM,08:16 AM,05:36 AM,06:10 PM,14,28,28,28,9,19,46,0.4,1013,37,10,151,7,Colombia-Norte_Santander-San_Cayetano
2016-06-24,34,19,0.0,12.7,6,61,09:49 PM,09:10 AM,05:36 AM,06:10 PM,14,27,27,26,10,23,50,1.5,1013,34,10,163,7,Colombia-Norte_Santander-San_Cayetano
2016-06-25,34,20,0.0,12.8,6,54,10:37 PM,10:03 AM,05:36 AM,06:11 PM,15,27,27,26,9,32,53,4.1,1013,34,8,159,6,Colombia-Norte_Santander-San_Cayetano
2016-06-26,34,20,0.0,12.8,6,46,11:25 PM,10:55 AM,05:36 AM,06:11 PM,15,27,27,26,12,23,52,2.8,1013,34,10,158,9,Colombia-Norte_Santander-San_Cayetano
2016-06-27,36,22,0.0,12.7,8,38,No moonrise,11:49 AM,05:37 AM,06:11 PM,14,29,29,28,14,8,45,0.0,1013,36,10,160,10,Colombia-Norte_Santander-San_Cayetano
2016-06-28,36,22,0.0,12.7,7,31,12:13 AM,12:43 PM,05:37 AM,06:11 PM,14,28,28,27,15,7,45,0.0,1012,36,10,160,11,Colombia-Norte_Santander-San_Cayetano
2016-06-29,36,21,0.0,12.7,7,23,01:03 AM,01:39 PM,05:37 AM,06:11 PM,14,28,28,27,13,11,46,0.0,1012,36,10,162,9,Colombia-Norte_Santander-San_Cayetano
2016-06-30,34,20,0.0,12.7,6,16,01:55 AM,02:36 PM,05:37 AM,06:11 PM,14,25,25,24,12,34,53,2.7,1012,34,9,157,8,Colombia-Norte_Santander-San_Cayetano
2016-07-01,35,21,0.0,12.7,7,15,02:49 AM,03:36 PM,05:38 AM,06:12 PM,15,27,27,27,12,24,49,0.9,1013,35,10,157,9,Colombia-Norte_Santander-San_Cayetano
2016-07-02,36,22,0.0,12.7,7,8,03:46 AM,04:35 PM,05:38 AM,06:12 PM,16,30,30,28,10,21,50,2.4,1014,36,10,154,6,Colombia-Norte_Santander-San_Cayetano
2016-07-03,34,20,0.0,12.7,6,1,04:44 AM,05:35 PM,05:38 AM,06:12 PM,15,27,27,26,11,21,52,6.8,1015,34,9,170,7,Colombia-Norte_Santander-San_Cayetano
2016-07-04,38,18,0.0,12.7,8,0,05:43 AM,06:31 PM,05:38 AM,06:12 PM,13,27,27,27,8,13,46,0.2,1014,38,10,150,5,Colombia-Norte_Santander-San_Cayetano
2016-07-05,36,19,0.0,12.7,6,0,06:40 AM,07:26 PM,05:39 AM,06:12 PM,15,27,27,26,8,34,53,4.5,1014,36,9,141,5,Colombia-Norte_Santander-San_Cayetano
2016-07-06,35,16,0.0,12.7,6,6,07:35 AM,08:16 PM,05:39 AM,06:12 PM,17,26,26,25,8,46,66,14.6,1015,35,9,146,5,Colombia-Norte_Santander-San_Cayetano
2016-07-07,33,15,0.0,12.7,6,14,08:27 AM,09:03 PM,05:39 AM,06:12 PM,15,24,24,23,11,27,64,9.6,1014,33,9,154,7,Colombia-Norte_Santander-San_Cayetano
2016-07-08,36,19,0.0,12.7,7,21,09:18 AM,09:48 PM,05:39 AM,06:12 PM,13,26,26,26,12,11,46,0.0,1014,36,10,161,9,Colombia-Norte_Santander-San_Cayetano
2016-07-09,36,19,0.0,12.7,8,28,10:05 AM,10:29 PM,05:39 AM,06:12 PM,12,27,27,26,12,9,43,0.0,1014,36,10,159,8,Colombia-Norte_Santander-San_Cayetano
2016-07-10,35,20,0.0,12.7,7,35,10:51 AM,11:11 PM,05:40 AM,06:12 PM,13,27,27,26,11,22,45,0.4,1013,35,10,163,8,Colombia-Norte_Santander-San_Cayetano
2016-07-11,34,20,0.0,12.7,6,43,11:36 AM,11:51 PM,05:40 AM,06:12 PM,14,27,27,26,12,20,48,3.7,1013,34,9,170,8,Colombia-Norte_Santander-San_Cayetano
2016-07-12,34,19,0.0,12.7,6,50,12:21 PM,No moonset,05:40 AM,06:12 PM,13,25,25,25,8,15,47,4.3,1013,34,9,169,5,Colombia-Norte_Santander-San_Cayetano
2016-07-13,38,20,0.0,12.7,7,57,01:07 PM,12:32 AM,05:40 AM,06:12 PM,12,27,27,26,8,17,43,0.3,1013,38,10,142,5,Colombia-Norte_Santander-San_Cayetano
2016-07-14,36,15,0.0,12.7,6,65,01:53 PM,01:14 AM,05:41 AM,06:12 PM,14,26,26,25,7,34,52,1.5,1013,36,10,142,5,Colombia-Norte_Santander-San_Cayetano
2016-07-15,37,18,0.0,12.7,6,72,02:41 PM,01:58 AM,05:41 AM,06:12 PM,15,26,26,25,6,30,58,6.1,1013,37,9,165,4,Colombia-Norte_Santander-San_Cayetano
2016-07-16,31,16,0.0,10.6,5,79,03:31 PM,02:44 AM,05:41 AM,06:12 PM,15,22,22,21,5,68,71,7.3,1014,31,8,125,3,Colombia-Norte_Santander-San_Cayetano
2016-07-17,34,15,0.0,12.7,6,86,04:21 PM,03:33 AM,05:41 AM,06:12 PM,16,26,26,25,11,38,60,4.4,1013,34,9,149,7,Colombia-Norte_Santander-San_Cayetano
2016-07-18,31,20,0.0,11.9,6,94,05:13 PM,04:23 AM,05:41 AM,06:12 PM,14,25,25,25,12,47,56,0.2,1014,31,10,144,8,Colombia-Norte_Santander-San_Cayetano
2016-07-19,32,19,0.0,11.9,6,100,06:04 PM,05:16 AM,05:42 AM,06:12 PM,15,25,25,25,12,49,56,0.6,1013,32,10,143,8,Colombia-Norte_Santander-San_Cayetano
2016-07-20,31,20,0.0,11.9,6,100,06:55 PM,06:10 AM,05:42 AM,06:12 PM,15,25,25,24,13,49,58,0.4,1013,31,10,144,8,Colombia-Norte_Santander-San_Cayetano
2016-07-21,31,19,0.0,10.6,6,85,07:46 PM,07:04 AM,05:42 AM,06:12 PM,15,25,25,24,13,57,56,0.3,1013,31,10,150,9,Colombia-Norte_Santander-San_Cayetano
2016-07-22,30,20,0.0,11.9,6,77,08:35 PM,07:58 AM,05:42 AM,06:12 PM,14,25,25,24,14,49,55,0.1,1013,30,10,151,9,Colombia-Norte_Santander-San_Cayetano
2016-07-23,30,20,0.0,9.3,6,70,09:24 PM,08:52 AM,05:42 AM,06:12 PM,14,25,25,24,13,62,55,0.2,1013,30,10,150,9,Colombia-Norte_Santander-San_Cayetano
2016-07-24,30,20,0.0,11.9,6,63,10:12 PM,09:46 AM,05:42 AM,06:12 PM,14,25,25,24,14,52,55,0.5,1013,30,10,150,10,Colombia-Norte_Santander-San_Cayetano
2016-07-25,32,20,0.0,11.9,6,55,11:01 PM,10:40 AM,05:43 AM,06:12 PM,14,26,26,25,15,47,51,0.2,1013,32,10,148,10,Colombia-Norte_Santander-San_Cayetano
2016-07-26,30,20,0.0,11.9,6,48,11:52 PM,11:35 AM,05:43 AM,06:11 PM,14,25,25,24,14,48,55,0.4,1013,30,10,150,9,Colombia-Norte_Santander-San_Cayetano
2016-07-27,30,20,0.0,11.9,6,41,No moonrise,12:30 PM,05:43 AM,06:11 PM,14,25,25,24,14,44,56,0.3,1013,30,10,147,9,Colombia-Norte_Santander-San_Cayetano
2016-07-28,35,21,0.0,12.7,7,34,12:43 AM,01:27 PM,05:43 AM,06:11 PM,14,27,27,26,13,17,48,0.2,1012,35,10,159,9,Colombia-Norte_Santander-San_Cayetano
2016-07-29,36,19,0.0,12.7,7,26,01:38 AM,02:25 PM,05:43 AM,06:11 PM,15,28,28,27,9,25,50,0.1,1012,36,10,148,6,Colombia-Norte_Santander-San_Cayetano
2016-07-30,36,20,0.0,12.7,7,19,02:33 AM,03:23 PM,05:43 AM,06:11 PM,15,27,27,26,9,24,52,1.1,1012,36,10,148,6,Colombia-Norte_Santander-San_Cayetano
2016-07-31,37,20,0.0,12.7,7,15,03:31 AM,04:20 PM,05:43 AM,06:11 PM,15,28,28,27,9,18,51,1.3,1012,37,10,147,6,Colombia-Norte_Santander-San_Cayetano
2016-08-01,36,21,0.0,12.7,7,5,04:27 AM,05:15 PM,05:43 AM,06:10 PM,15,28,28,27,12,19,51,1.1,1012,36,10,157,8,Colombia-Norte_Santander-San_Cayetano
2016-08-02,36,19,0.0,12.7,6,0,05:23 AM,06:06 PM,05:43 AM,06:10 PM,16,27,27,26,13,40,57,4.9,1013,36,8,154,9,Colombia-Norte_Santander-San_Cayetano
2016-08-03,33,21,0.0,12.7,6,0,06:17 AM,06:55 PM,05:44 AM,06:10 PM,15,27,27,26,11,32,54,0.6,1013,33,10,154,8,Colombia-Norte_Santander-San_Cayetano
2016-08-04,36,19,0.0,12.7,6,2,07:08 AM,07:41 PM,05:44 AM,06:10 PM,16,27,27,26,9,37,57,3.7,1014,36,8,138,6,Colombia-Norte_Santander-San_Cayetano
2016-08-05,39,18,0.0,12.7,7,10,07:57 AM,08:24 PM,05:44 AM,06:09 PM,14,27,27,26,9,14,52,1.7,1013,39,9,140,5,Colombia-Norte_Santander-San_Cayetano
2016-08-06,38,18,0.0,12.7,8,17,08:44 AM,09:06 PM,05:44 AM,06:09 PM,13,27,27,26,11,9,47,1.3,1013,38,10,154,7,Colombia-Norte_Santander-San_Cayetano
2016-08-07,38,21,0.0,12.7,8,24,09:30 AM,09:47 PM,05:44 AM,06:09 PM,13,28,28,27,13,12,45,1.4,1013,38,10,157,9,Colombia-Norte_Santander-San_Cayetano
2016-08-08,37,20,0.0,12.6,8,32,10:15 AM,10:27 PM,05:44 AM,06:08 PM,12,27,27,27,12,8,42,0.0,1012,37,10,157,8,Colombia-Norte_Santander-San_Cayetano
2016-08-09,36,20,0.0,12.6,6,39,11:00 AM,11:09 PM,05:44 AM,06:08 PM,12,27,27,26,11,12,42,0.5,1013,36,10,160,8,Colombia-Norte_Santander-San_Cayetano
2016-08-10,35,20,0.0,12.6,6,46,11:46 AM,11:52 PM,05:44 AM,06:08 PM,14,27,27,27,9,23,48,1.3,1013,35,10,152,6,Colombia-Norte_Santander-San_Cayetano
2016-08-11,37,20,0.0,12.6,8,53,12:33 PM,No moonset,05:44 AM,06:07 PM,13,28,28,27,10,13,46,0.6,1013,37,10,151,7,Colombia-Norte_Santander-San_Cayetano
2016-08-12,37,20,0.0,12.6,7,61,01:22 PM,12:37 AM,05:44 AM,06:07 PM,14,28,28,27,9,22,47,0.4,1012,37,10,148,6,Colombia-Norte_Santander-San_Cayetano
2016-08-13,36,21,0.0,12.6,7,68,02:11 PM,01:24 AM,05:44 AM,06:07 PM,14,27,27,26,12,23,48,0.6,1012,36,10,157,8,Colombia-Norte_Santander-San_Cayetano
2016-08-14,37,20,0.0,12.6,7,75,03:02 PM,02:13 AM,05:44 AM,06:06 PM,13,27,27,27,12,17,45,0.1,1011,37,10,155,9,Colombia-Norte_Santander-San_Cayetano
2016-08-15,36,20,0.0,12.6,6,82,03:54 PM,03:05 AM,05:44 AM,06:06 PM,15,27,27,26,11,18,50,1.9,1012,36,10,153,7,Colombia-Norte_Santander-San_Cayetano
2016-08-16,37,23,0.0,12.6,7,90,04:45 PM,03:58 AM,05:44 AM,06:06 PM,15,29,29,28,10,22,49,1.6,1012,37,10,151,6,Colombia-Norte_Santander-San_Cayetano
2016-08-17,37,23,0.0,12.6,8,97,05:37 PM,04:53 AM,05:44 AM,06:05 PM,15,29,29,28,10,17,47,0.4,1012,37,10,159,7,Colombia-Norte_Santander-San_Cayetano
2016-08-18,36,21,0.0,12.6,6,100,06:27 PM,05:48 AM,05:44 AM,06:05 PM,15,28,28,27,10,26,51,3.8,1013,36,9,150,7,Colombia-Norte_Santander-San_Cayetano
2016-08-19,36,22,0.0,12.6,6,88,07:18 PM,06:43 AM,05:44 AM,06:04 PM,16,29,29,27,9,25,52,4.3,1012,36,9,144,6,Colombia-Norte_Santander-San_Cayetano
2016-08-20,37,22,0.0,12.6,8,81,08:08 PM,07:39 AM,05:44 AM,06:04 PM,13,28,28,27,11,9,45,0.0,1012,37,10,154,8,Colombia-Norte_Santander-San_Cayetano
2016-08-21,37,23,0.0,12.6,8,74,08:58 PM,08:34 AM,05:44 AM,06:03 PM,13,28,28,28,13,9,42,0.1,1012,37,10,161,9,Colombia-Norte_Santander-San_Cayetano
2016-08-22,36,23,0.0,12.6,8,67,09:49 PM,09:30 AM,05:44 AM,06:03 PM,14,29,29,28,14,10,43,0.0,1013,36,10,158,10,Colombia-Norte_Santander-San_Cayetano
2016-08-23,40,21,0.0,12.6,8,59,10:41 PM,10:26 AM,05:44 AM,06:02 PM,14,29,29,29,10,8,44,0.7,1013,40,10,142,6,Colombia-Norte_Santander-San_Cayetano
2016-08-24,40,20,0.0,12.6,8,52,11:34 PM,11:23 AM,05:44 AM,06:02 PM,15,29,29,28,8,9,47,0.2,1012,40,10,131,5,Colombia-Norte_Santander-San_Cayetano
2016-08-25,37,21,0.0,12.6,8,45,No moonrise,12:20 PM,05:43 AM,06:02 PM,15,29,29,28,10,16,49,0.7,1012,37,10,154,6,Colombia-Norte_Santander-San_Cayetano
2016-08-26,36,21,0.0,12.6,6,38,12:29 AM,01:17 PM,05:43 AM,06:01 PM,15,28,28,27,11,37,51,1.7,1012,36,9,152,8,Colombia-Norte_Santander-San_Cayetano
2016-08-27,38,20,0.0,12.6,7,30,01:25 AM,02:13 PM,05:43 AM,06:01 PM,16,28,28,27,8,31,57,4.6,1013,38,9,127,5,Colombia-Norte_Santander-San_Cayetano
2016-08-28,38,21,0.0,12.6,6,23,02:20 AM,03:08 PM,05:43 AM,06:00 PM,15,28,28,27,7,22,52,1.5,1014,38,9,141,4,Colombia-Norte_Santander-San_Cayetano
2016-08-29,37,22,0.0,12.6,8,16,03:15 AM,03:59 PM,05:43 AM,06:00 PM,12,28,28,28,11,9,38,0.0,1012,37,10,156,8,Colombia-Norte_Santander-San_Cayetano
2016-08-30,36,24,0.0,11.6,8,8,04:09 AM,04:48 PM,05:43 AM,05:59 PM,15,29,29,29,11,19,44,0.3,1014,36,10,158,8,Colombia-Norte_Santander-San_Cayetano
2016-08-31,26,21,0.0,11.6,5,5,05:00 AM,05:35 PM,05:43 AM,05:59 PM,15,25,25,24,9,32,59,0.9,1014,26,8,170,5,Colombia-Norte_Santander-San_Cayetano
2016-09-01,36,21,0.0,11.6,6,0,05:50 AM,06:19 PM,05:43 AM,05:58 PM,15,28,28,26,7,16,52,0.5,1014,36,10,128,5,Colombia-Norte_Santander-San_Cayetano
2016-09-02,36,21,0.0,11.6,6,0,06:37 AM,07:01 PM,05:43 AM,05:58 PM,15,28,28,27,8,28,51,1.9,1015,36,9,130,5,Colombia-Norte_Santander-San_Cayetano
2016-09-03,37,22,0.0,11.6,7,6,07:24 AM,07:43 PM,05:43 AM,05:57 PM,17,29,29,27,9,24,59,4.3,1013,37,9,130,5,Colombia-Norte_Santander-San_Cayetano
2016-09-04,37,21,0.0,11.6,6,14,08:09 AM,08:23 PM,05:42 AM,05:56 PM,16,28,28,27,6,21,57,2.1,1012,37,10,130,4,Colombia-Norte_Santander-San_Cayetano
2016-09-05,37,21,0.0,11.6,8,21,08:54 AM,09:05 PM,05:42 AM,05:56 PM,17,29,29,28,7,24,56,0.4,1012,37,10,132,5,Colombia-Norte_Santander-San_Cayetano
2016-09-06,37,21,0.0,11.6,7,29,09:40 AM,09:47 PM,05:42 AM,05:55 PM,16,29,29,27,9,30,54,4.0,1013,37,10,147,6,Colombia-Norte_Santander-San_Cayetano
2016-09-07,37,21,0.0,11.6,6,36,10:26 AM,10:31 PM,05:42 AM,05:55 PM,16,28,28,27,11,24,56,8.2,1014,37,9,147,7,Colombia-Norte_Santander-San_Cayetano
2016-09-08,37,21,0.0,10.2,6,44,11:14 AM,11:17 PM,05:42 AM,05:54 PM,17,28,28,27,8,39,59,8.2,1013,37,9,133,5,Colombia-Norte_Santander-San_Cayetano
2016-09-09,36,22,0.0,11.6,7,51,12:02 PM,No moonset,05:42 AM,05:54 PM,16,29,29,27,10,17,51,0.7,1013,36,10,150,7,Colombia-Norte_Santander-San_Cayetano
2016-09-10,36,22,0.0,10.2,6,59,12:52 PM,12:04 AM,05:42 AM,05:53 PM,16,28,28,27,11,42,54,2.9,1014,36,10,151,7,Colombia-Norte_Santander-San_Cayetano
2016-09-11,38,22,0.0,11.6,8,66,01:42 PM,12:54 AM,05:42 AM,05:53 PM,16,30,30,28,10,18,51,1.8,1014,38,10,145,6,Colombia-Norte_Santander-San_Cayetano
2016-09-12,37,22,0.0,11.6,7,74,02:33 PM,01:46 AM,05:41 AM,05:52 PM,16,29,29,28,8,17,54,3.1,1013,37,10,122,5,Colombia-Norte_Santander-San_Cayetano
2016-09-13,34,20,0.0,11.6,6,82,03:24 PM,02:38 AM,05:41 AM,05:52 PM,18,27,27,25,7,28,67,12.5,1013,34,9,173,5,Colombia-Norte_Santander-San_Cayetano
2016-09-14,33,20,0.0,8.8,6,89,04:15 PM,03:33 AM,05:41 AM,05:51 PM,17,26,26,25,6,47,66,8.6,1014,33,7,132,4,Colombia-Norte_Santander-San_Cayetano
2016-09-15,35,22,0.0,11.6,6,97,05:06 PM,04:28 AM,05:41 AM,05:50 PM,16,28,28,27,9,18,54,2.4,1013,35,10,146,6,Colombia-Norte_Santander-San_Cayetano
2016-09-16,37,22,0.0,11.6,7,100,05:57 PM,05:25 AM,05:41 AM,05:50 PM,15,29,29,28,8,14,49,1.0,1013,37,10,121,5,Colombia-Norte_Santander-San_Cayetano
2016-09-17,38,23,0.0,11.6,8,88,06:48 PM,06:21 AM,05:41 AM,05:49 PM,15,29,29,28,10,10,48,0.1,1012,38,10,146,7,Colombia-Norte_Santander-San_Cayetano
2016-09-18,37,23,0.0,11.6,7,81,07:41 PM,07:19 AM,05:41 AM,05:49 PM,15,29,29,28,11,15,49,1.1,1011,37,10,151,7,Colombia-Norte_Santander-San_Cayetano
2016-09-19,29,22,0.0,10.2,6,73,08:34 PM,08:16 AM,05:40 AM,05:48 PM,16,26,26,25,14,36,59,12.5,1013,29,9,171,9,Colombia-Norte_Santander-San_Cayetano
2016-09-20,37,24,0.0,11.6,8,66,09:29 PM,09:15 AM,05:40 AM,05:48 PM,14,29,29,28,13,10,45,0.0,1012,37,10,160,9,Colombia-Norte_Santander-San_Cayetano
2016-09-21,36,24,0.0,11.6,8,58,10:24 PM,10:14 AM,05:40 AM,05:47 PM,15,29,29,28,12,9,46,0.1,1012,36,10,159,8,Colombia-Norte_Santander-San_Cayetano
2016-09-22,38,23,0.0,11.6,8,50,11:21 PM,11:13 AM,05:40 AM,05:46 PM,16,30,30,29,8,16,48,0.5,1012,38,10,146,5,Colombia-Norte_Santander-San_Cayetano
2016-09-23,38,22,0.0,11.6,8,43,No moonrise,12:09 PM,05:40 AM,05:46 PM,15,30,30,29,9,15,45,0.1,1013,38,10,151,6,Colombia-Norte_Santander-San_Cayetano
2016-09-24,37,24,0.0,11.6,8,35,12:16 AM,01:04 PM,05:40 AM,05:45 PM,15,29,29,28,10,16,46,0.3,1013,37,10,152,7,Colombia-Norte_Santander-San_Cayetano
2016-09-25,38,24,0.0,11.6,8,28,01:12 AM,01:56 PM,05:40 AM,05:45 PM,15,29,29,29,10,12,45,0.0,1013,38,10,152,6,Colombia-Norte_Santander-San_Cayetano
2016-09-26,37,23,0.0,11.6,8,20,02:05 AM,02:45 PM,05:39 AM,05:44 PM,15,29,29,28,9,22,46,0.2,1012,37,10,159,6,Colombia-Norte_Santander-San_Cayetano
2016-09-27,38,24,0.0,11.6,8,13,02:56 AM,03:32 PM,05:39 AM,05:44 PM,14,29,29,28,10,13,43,0.0,1012,38,10,153,6,Colombia-Norte_Santander-San_Cayetano
2016-09-28,39,22,0.0,11.6,7,5,03:45 AM,04:16 PM,05:39 AM,05:43 PM,15,30,30,29,7,8,45,0.4,1013,39,10,131,5,Colombia-Norte_Santander-San_Cayetano
2016-09-29,36,20,0.0,11.6,8,0,04:33 AM,04:59 PM,05:39 AM,05:43 PM,15,28,28,27,7,7,52,0.3,1012,36,10,166,5,Colombia-Norte_Santander-San_Cayetano
2016-09-30,39,21,0.0,11.6,7,0,05:19 AM,05:40 PM,05:39 AM,05:42 PM,18,30,30,28,7,14,59,9.0,1009,39,9,98,5,Colombia-Norte_Santander-San_Cayetano
2016-10-01,37,24,0.0,11.6,7,0,06:05 AM,06:21 PM,05:39 AM,05:42 PM,19,30,30,28,9,28,60,12.5,1009,37,9,139,6,Colombia-Norte_Santander-San_Cayetano
2016-10-02,36,24,0.0,11.6,6,2,06:50 AM,07:02 PM,05:39 AM,05:41 PM,18,29,29,28,10,35,58,13.0,1010,36,9,152,7,Colombia-Norte_Santander-San_Cayetano
2016-10-03,38,23,0.0,11.6,7,9,07:36 AM,07:44 PM,05:39 AM,05:40 PM,18,30,30,28,9,31,55,7.3,1011,38,9,147,6,Colombia-Norte_Santander-San_Cayetano
2016-10-04,38,22,0.0,11.6,7,17,08:21 AM,08:27 PM,05:39 AM,05:40 PM,18,30,30,28,8,27,57,6.0,1012,38,9,134,5,Colombia-Norte_Santander-San_Cayetano
2016-10-05,35,21,0.0,11.6,6,24,09:08 AM,09:11 PM,05:38 AM,05:39 PM,18,28,28,27,5,27,61,1.9,1012,35,9,121,3,Colombia-Norte_Santander-San_Cayetano
2016-10-06,38,20,0.0,11.6,8,31,09:56 AM,09:58 PM,05:38 AM,05:39 PM,15,29,29,28,7,10,50,0.4,1011,38,10,119,4,Colombia-Norte_Santander-San_Cayetano
2016-10-07,38,22,0.0,11.6,7,38,10:44 AM,10:45 PM,05:38 AM,05:38 PM,18,30,30,28,7,23,58,5.3,1010,38,9,130,4,Colombia-Norte_Santander-San_Cayetano
2016-10-08,35,21,0.0,11.6,6,46,11:34 AM,11:35 PM,05:38 AM,05:38 PM,19,28,28,26,6,26,68,4.9,1010,35,10,102,4,Colombia-Norte_Santander-San_Cayetano
2016-10-09,37,22,0.0,11.6,6,53,12:22 PM,No moonset,05:38 AM,05:37 PM,18,29,29,27,6,22,62,2.8,1011,37,10,134,4,Colombia-Norte_Santander-San_Cayetano
2016-10-10,35,19,0.0,11.6,6,60,01:12 PM,12:26 AM,05:38 AM,05:37 PM,19,28,28,26,6,27,68,12.4,1012,35,9,108,4,Colombia-Norte_Santander-San_Cayetano
2016-10-11,36,22,0.0,11.6,6,67,02:02 PM,01:19 AM,05:38 AM,05:37 PM,18,29,29,27,8,31,64,16.1,1011,36,9,127,5,Colombia-Norte_Santander-San_Cayetano
2016-10-12,38,23,0.0,11.6,7,75,02:52 PM,02:13 AM,05:38 AM,05:36 PM,20,30,30,28,7,35,66,15.6,1012,38,8,135,4,Colombia-Norte_Santander-San_Cayetano
2016-10-13,37,21,0.0,11.6,6,82,03:42 PM,03:08 AM,05:38 AM,05:36 PM,19,29,29,27,6,22,65,3.6,1012,37,9,118,4,Colombia-Norte_Santander-San_Cayetano
2016-10-14,36,19,0.0,11.6,6,89,04:33 PM,04:03 AM,05:38 AM,05:35 PM,18,28,28,26,7,34,65,6.0,1012,36,9,139,4,Colombia-Norte_Santander-San_Cayetano
2016-10-15,36,23,0.0,11.6,6,97,05:26 PM,05:01 AM,05:38 AM,05:35 PM,17,29,29,27,10,26,54,0.7,1012,36,10,146,6,Colombia-Norte_Santander-San_Cayetano
2016-10-16,37,22,0.0,11.6,7,100,06:19 PM,05:59 AM,05:38 AM,05:34 PM,17,29,29,28,8,17,54,3.1,1011,37,9,114,5,Colombia-Norte_Santander-San_Cayetano
2016-10-17,39,21,0.0,11.6,7,89,07:15 PM,06:59 AM,05:38 AM,05:34 PM,17,29,29,28,6,27,55,5.3,1011,39,9,173,3,Colombia-Norte_Santander-San_Cayetano
2016-10-18,35,22,0.0,11.6,6,82,08:12 PM,08:00 AM,05:38 AM,05:34 PM,16,28,28,27,8,26,56,3.4,1011,35,9,122,5,Colombia-Norte_Santander-San_Cayetano
2016-10-19,36,21,0.0,11.6,6,74,09:11 PM,09:01 AM,05:38 AM,05:33 PM,18,29,29,27,8,27,60,1.8,1012,36,8,129,5,Colombia-Norte_Santander-San_Cayetano
2016-10-20,36,22,0.0,11.6,8,67,10:09 PM,10:01 AM,05:38 AM,05:33 PM,16,29,29,28,7,14,53,0.0,1011,36,10,125,5,Colombia-Norte_Santander-San_Cayetano
2016-10-21,39,23,0.0,11.6,8,60,11:06 PM,10:59 AM,05:38 AM,05:32 PM,16,30,30,29,8,10,49,0.0,1011,39,10,133,5,Colombia-Norte_Santander-San_Cayetano
2016-10-22,39,22,0.0,11.6,8,53,No moonrise,11:53 AM,05:38 AM,05:32 PM,15,30,30,29,7,8,49,0.2,1011,39,10,123,5,Colombia-Norte_Santander-San_Cayetano
2016-10-23,36,21,0.0,11.6,6,45,12:01 AM,12:44 PM,05:38 AM,05:32 PM,17,28,28,27,6,16,58,0.9,1013,36,10,109,4,Colombia-Norte_Santander-San_Cayetano
2016-10-24,35,20,0.0,11.6,6,38,12:53 AM,01:31 PM,05:38 AM,05:31 PM,18,28,28,26,6,17,64,1.5,1012,35,10,201,4,Colombia-Norte_Santander-San_Cayetano
2016-10-25,35,19,0.0,11.6,6,31,01:43 AM,02:15 PM,05:38 AM,05:31 PM,18,27,27,26,6,19,68,3.1,1011,35,10,160,4,Colombia-Norte_Santander-San_Cayetano
2016-10-26,33,20,0.0,11.6,6,23,02:31 AM,02:58 PM,05:38 AM,05:31 PM,20,27,27,25,6,33,74,11.4,1011,33,8,155,4,Colombia-Norte_Santander-San_Cayetano
2016-10-27,34,21,0.0,11.6,6,16,03:17 AM,03:39 PM,05:39 AM,05:31 PM,20,27,27,25,6,36,75,11.4,1011,34,9,164,4,Colombia-Norte_Santander-San_Cayetano
2016-10-28,39,20,0.0,11.6,6,9,04:02 AM,04:20 PM,05:39 AM,05:30 PM,19,29,29,27,5,34,67,12.9,1011,39,8,149,3,Colombia-Norte_Santander-San_Cayetano
2016-10-29,35,21,0.0,11.6,6,2,04:47 AM,05:01 PM,05:39 AM,05:30 PM,18,28,28,26,8,31,63,3.3,1012,35,9,149,5,Colombia-Norte_Santander-San_Cayetano
2016-10-30,37,22,0.0,11.6,7,0,05:33 AM,05:42 PM,05:39 AM,05:30 PM,16,29,29,27,7,13,54,0.1,1012,37,10,122,4,Colombia-Norte_Santander-San_Cayetano
2016-10-31,36,21,0.0,11.6,6,0,06:18 AM,06:24 PM,05:39 AM,05:30 PM,17,28,28,27,6,12,58,1.1,1010,36,10,170,4,Colombia-Norte_Santander-San_Cayetano
2016-11-01,31,20,0.0,11.6,6,6,07:05 AM,07:09 PM,05:39 AM,05:29 PM,19,26,26,25,5,22,73,6.4,1011,31,9,92,4,Colombia-Norte_Santander-San_Cayetano
2016-11-02,34,19,0.0,11.6,6,13,07:53 AM,07:54 PM,05:39 AM,05:29 PM,18,26,26,25,5,36,69,9.2,1012,34,9,219,3,Colombia-Norte_Santander-San_Cayetano
2016-11-03,34,20,0.0,11.6,6,21,08:40 AM,08:41 PM,05:40 AM,05:29 PM,19,28,28,26,6,24,68,5.3,1012,34,9,183,4,Colombia-Norte_Santander-San_Cayetano
2016-11-04,35,21,0.0,11.6,7,28,09:29 AM,09:30 PM,05:40 AM,05:29 PM,18,29,29,28,8,34,60,4.6,1012,35,8,153,5,Colombia-Norte_Santander-San_Cayetano
2016-11-05,36,24,0.0,11.6,7,36,10:17 AM,10:19 PM,05:40 AM,05:29 PM,17,30,30,28,10,29,54,10.9,1013,36,9,163,7,Colombia-Norte_Santander-San_Cayetano
2016-11-06,38,23,0.0,11.6,7,43,11:06 AM,11:10 PM,05:40 AM,05:29 PM,17,30,30,29,8,28,53,6.6,1012,38,9,144,5,Colombia-Norte_Santander-San_Cayetano
2016-11-07,37,20,0.0,11.6,8,51,11:54 AM,No moonset,05:40 AM,05:29 PM,18,29,29,27,5,17,60,0.4,1012,37,10,120,3,Colombia-Norte_Santander-San_Cayetano
2016-11-08,35,20,0.0,11.6,6,58,12:42 PM,12:02 AM,05:41 AM,05:28 PM,19,28,28,27,4,23,66,1.6,1012,35,10,206,3,Colombia-Norte_Santander-San_Cayetano
2016-11-09,37,20,0.0,11.6,8,66,01:31 PM,12:54 AM,05:41 AM,05:28 PM,19,29,29,28,5,23,62,0.3,1011,37,10,161,3,Colombia-Norte_Santander-San_Cayetano
2016-11-10,36,20,0.0,11.6,6,74,02:19 PM,01:48 AM,05:41 AM,05:28 PM,18,28,28,27,6,21,61,0.4,1012,36,10,143,4,Colombia-Norte_Santander-San_Cayetano
2016-11-11,38,20,0.0,11.6,8,81,03:10 PM,02:42 AM,05:41 AM,05:28 PM,17,28,28,27,5,13,60,0.2,1012,38,10,135,3,Colombia-Norte_Santander-San_Cayetano
2016-11-12,34,20,0.0,11.6,6,89,04:02 PM,03:40 AM,05:42 AM,05:28 PM,18,27,27,26,7,16,66,1.5,1012,34,10,188,5,Colombia-Norte_Santander-San_Cayetano
2016-11-13,35,21,0.0,11.6,7,96,04:56 PM,04:38 AM,05:42 AM,05:28 PM,17,27,27,26,7,14,61,0.1,1011,35,10,213,5,Colombia-Norte_Santander-San_Cayetano
2016-11-14,34,21,0.0,11.6,6,100,05:54 PM,05:39 AM,05:42 AM,05:28 PM,17,28,28,27,7,21,57,1.6,1010,34,10,160,5,Colombia-Norte_Santander-San_Cayetano
2016-11-15,33,21,0.0,11.6,7,89,06:53 PM,06:41 AM,05:43 AM,05:28 PM,18,28,28,26,7,26,63,2.0,1010,33,10,117,5,Colombia-Norte_Santander-San_Cayetano
2016-11-16,33,18,0.0,11.6,6,81,07:54 PM,07:44 AM,05:43 AM,05:28 PM,18,27,27,25,7,25,68,0.6,1011,33,9,206,5,Colombia-Norte_Santander-San_Cayetano
2016-11-17,34,18,0.0,11.6,6,74,08:54 PM,08:45 AM,05:43 AM,05:28 PM,17,27,27,25,7,19,64,1.4,1010,34,10,157,5,Colombia-Norte_Santander-San_Cayetano
2016-11-18,35,17,0.0,11.6,6,66,09:52 PM,09:44 AM,05:44 AM,05:28 PM,18,27,27,26,6,18,66,8.1,1010,35,9,218,4,Colombia-Norte_Santander-San_Cayetano
2016-11-19,36,20,0.0,11.6,6,58,10:47 PM,10:37 AM,05:44 AM,05:29 PM,18,28,28,27,6,15,63,1.9,1011,36,10,123,4,Colombia-Norte_Santander-San_Cayetano
2016-11-20,32,21,0.0,7.3,6,51,11:39 PM,11:28 AM,05:44 AM,05:29 PM,19,26,26,24,4,55,75,11.5,1012,32,9,71,3,Colombia-Norte_Santander-San_Cayetano
2016-11-21,34,21,0.0,11.6,6,43,No moonrise,12:14 PM,05:45 AM,05:29 PM,17,27,27,25,7,21,63,2.4,1011,34,10,199,5,Colombia-Norte_Santander-San_Cayetano
2016-11-22,33,19,0.0,11.6,6,36,12:28 AM,12:58 PM,05:45 AM,05:29 PM,18,26,26,25,6,30,66,4.8,1011,33,9,166,4,Colombia-Norte_Santander-San_Cayetano
2016-11-23,36,19,0.0,11.6,6,28,01:15 AM,01:39 PM,05:46 AM,05:29 PM,17,28,28,26,6,25,61,1.2,1011,36,10,142,4,Colombia-Norte_Santander-San_Cayetano
2016-11-24,37,21,0.0,11.6,7,21,02:01 AM,02:20 PM,05:46 AM,05:29 PM,17,28,28,27,7,18,61,0.1,1011,37,10,185,4,Colombia-Norte_Santander-San_Cayetano
2016-11-25,36,20,0.0,11.6,6,13,02:46 AM,03:00 PM,05:46 AM,05:29 PM,17,27,27,26,5,23,58,2.7,1012,36,9,190,3,Colombia-Norte_Santander-San_Cayetano
2016-11-26,35,19,0.0,11.6,6,6,03:31 AM,03:41 PM,05:47 AM,05:30 PM,17,27,27,26,7,18,64,2.0,1012,35,10,107,4,Colombia-Norte_Santander-San_Cayetano
2016-11-27,38,17,0.0,11.6,6,0,04:16 AM,04:23 PM,05:47 AM,05:30 PM,18,28,28,26,4,19,66,2.3,1011,38,9,129,2,Colombia-Norte_Santander-San_Cayetano
2016-11-28,35,21,0.0,11.6,6,0,05:02 AM,05:07 PM,05:48 AM,05:30 PM,19,28,28,26,6,24,69,3.8,1011,35,9,198,4,Colombia-Norte_Santander-San_Cayetano
2016-11-29,33,20,0.0,11.6,6,0,05:50 AM,05:52 PM,05:48 AM,05:30 PM,20,27,27,25,4,30,77,3.4,1011,33,9,121,3,Colombia-Norte_Santander-San_Cayetano
2016-11-30,34,19,0.0,11.6,6,2,06:37 AM,06:39 PM,05:49 AM,05:31 PM,19,26,26,25,5,37,75,3.3,1011,34,8,232,4,Colombia-Norte_Santander-San_Cayetano
2016-12-01,33,19,0.0,11.6,6,9,07:27 AM,07:27 PM,05:49 AM,05:31 PM,20,27,27,25,6,35,78,12.1,1012,33,8,176,4,Colombia-Norte_Santander-San_Cayetano
2016-12-02,33,20,0.0,11.6,6,16,08:15 AM,08:16 PM,05:50 AM,05:31 PM,19,27,27,25,9,37,69,2.8,1012,33,8,134,5,Colombia-Norte_Santander-San_Cayetano
2016-12-03,34,20,0.0,11.6,7,23,09:04 AM,09:07 PM,05:50 AM,05:32 PM,17,28,28,27,8,26,57,0.6,1012,34,10,142,5,Colombia-Norte_Santander-San_Cayetano
2016-12-04,37,20,0.0,11.6,7,31,09:52 AM,09:57 PM,05:50 AM,05:32 PM,16,28,28,27,6,18,56,0.2,1013,37,10,155,4,Colombia-Norte_Santander-San_Cayetano
2016-12-05,34,20,0.0,11.6,6,38,10:38 AM,10:48 PM,05:51 AM,05:32 PM,17,27,27,26,6,19,63,1.0,1013,34,10,176,4,Colombia-Norte_Santander-San_Cayetano
2016-12-06,36,19,0.0,11.6,7,45,11:26 AM,11:40 PM,05:51 AM,05:33 PM,18,28,28,26,5,15,64,0.3,1013,36,10,125,3,Colombia-Norte_Santander-San_Cayetano
2016-12-07,35,19,0.0,11.6,7,52,12:12 PM,No moonset,05:52 AM,05:33 PM,17,28,28,26,5,16,61,0.1,1013,35,10,146,3,Colombia-Norte_Santander-San_Cayetano
2016-12-08,34,18,0.0,11.6,6,60,01:00 PM,12:31 AM,05:52 AM,05:33 PM,18,26,26,25,6,19,68,4.2,1013,34,10,140,4,Colombia-Norte_Santander-San_Cayetano
2016-12-09,34,19,0.0,11.6,6,67,01:49 PM,01:25 AM,05:53 AM,05:34 PM,17,26,26,25,6,22,65,0.7,1013,34,9,136,4,Colombia-Norte_Santander-San_Cayetano
2016-12-10,35,19,0.0,11.6,6,74,02:40 PM,02:21 AM,05:53 AM,05:34 PM,18,28,28,26,6,23,65,2.5,1013,35,9,145,4,Colombia-Norte_Santander-San_Cayetano
2016-12-11,34,20,0.0,11.6,7,82,03:35 PM,03:19 AM,05:54 AM,05:35 PM,16,28,28,26,7,13,56,0.3,1013,34,10,157,5,Colombia-Norte_Santander-San_Cayetano
2016-12-12,36,20,0.0,11.6,7,89,04:32 PM,04:19 AM,05:54 AM,05:35 PM,16,28,28,26,6,15,54,0.0,1013,36,10,141,4,Colombia-Norte_Santander-San_Cayetano
2016-12-13,34,17,0.0,11.6,7,96,05:33 PM,05:22 AM,05:55 AM,05:35 PM,16,26,26,26,6,9,57,0.0,1013,34,10,124,4,Colombia-Norte_Santander-San_Cayetano
2016-12-14,34,19,0.0,11.6,7,100,06:34 PM,06:24 AM,05:55 AM,05:36 PM,15,26,26,26,7,10,57,0.0,1013,34,10,168,5,Colombia-Norte_Santander-San_Cayetano
2016-12-15,36,19,0.0,11.6,7,89,07:35 PM,07:26 AM,05:56 AM,05:36 PM,15,27,27,26,6,6,57,0.0,1013,36,10,137,4,Colombia-Norte_Santander-San_Cayetano
2016-12-16,33,19,0.0,11.6,7,82,08:33 PM,08:23 AM,05:56 AM,05:37 PM,14,25,25,25,7,12,55,0.0,1014,33,10,177,4,Colombia-Norte_Santander-San_Cayetano
2016-12-17,33,17,0.0,11.6,7,75,09:29 PM,09:18 AM,05:57 AM,05:37 PM,16,25,25,24,7,17,61,0.1,1014,33,10,213,5,Colombia-Norte_Santander-San_Cayetano
2016-12-18,34,17,0.0,11.6,7,68,10:21 PM,10:07 AM,05:57 AM,05:38 PM,14,25,25,24,7,11,55,0.0,1014,34,10,128,4,Colombia-Norte_Santander-San_Cayetano
2016-12-19,32,15,0.0,11.6,7,60,11:10 PM,10:53 AM,05:58 AM,05:38 PM,11,22,22,22,7,10,52,0.0,1013,32,10,169,5,Colombia-Norte_Santander-San_Cayetano
2016-12-20,32,16,0.0,11.6,7,53,11:57 PM,11:37 AM,05:58 AM,05:39 PM,13,23,23,23,6,15,58,0.1,1012,32,10,170,4,Colombia-Norte_Santander-San_Cayetano
2016-12-21,31,17,0.0,11.6,5,46,No moonrise,12:18 PM,05:59 AM,05:39 PM,17,23,23,22,5,39,76,2.6,1011,31,7,131,4,Colombia-Norte_Santander-San_Cayetano
2016-12-22,32,17,0.0,11.6,6,38,12:43 AM,12:59 PM,05:59 AM,05:40 PM,17,24,24,23,5,28,70,2.0,1012,32,9,185,4,Colombia-Norte_Santander-San_Cayetano
2016-12-23,34,18,0.0,11.4,6,31,01:28 AM,01:40 PM,06:00 AM,05:40 PM,17,25,25,24,5,22,68,0.9,1013,34,10,228,3,Colombia-Norte_Santander-San_Cayetano
2016-12-24,34,18,0.0,11.4,6,24,02:13 AM,02:21 PM,06:00 AM,05:41 PM,18,26,26,25,4,20,71,3.1,1013,34,10,219,3,Colombia-Norte_Santander-San_Cayetano
2016-12-25,32,19,0.0,8.7,6,17,02:59 AM,03:04 PM,06:01 AM,05:41 PM,18,24,24,24,7,25,74,1.6,1012,32,10,193,4,Colombia-Norte_Santander-San_Cayetano
2016-12-26,29,18,0.0,7.2,5,9,03:46 AM,03:49 PM,06:01 AM,05:42 PM,18,23,23,22,6,48,82,1.3,1013,29,9,219,4,Colombia-Norte_Santander-San_Cayetano
2016-12-27,30,18,0.0,8.7,5,2,04:33 AM,04:35 PM,06:02 AM,05:42 PM,18,23,23,22,6,53,78,1.0,1013,30,7,158,4,Colombia-Norte_Santander-San_Cayetano
2016-12-28,34,17,0.0,8.7,7,0,05:23 AM,05:23 PM,06:02 AM,05:43 PM,16,25,25,24,5,20,65,0.1,1012,34,10,147,4,Colombia-Norte_Santander-San_Cayetano
2016-12-29,36,17,0.0,8.7,7,0,06:12 AM,06:13 PM,06:03 AM,05:43 PM,14,25,25,24,7,11,56,0.0,1012,36,10,135,4,Colombia-Norte_Santander-San_Cayetano
2016-12-30,34,16,0.0,8.7,6,5,07:01 AM,07:04 PM,06:03 AM,05:44 PM,15,25,25,24,5,19,61,0.7,1012,34,10,111,4,Colombia-Norte_Santander-San_Cayetano
2016-12-31,33,18,0.0,8.7,6,9,07:50 AM,07:55 PM,06:04 AM,05:44 PM,16,24,24,24,5,22,64,3.0,1014,33,10,161,3,Colombia-Norte_Santander-San_Cayetano
